no,cafename,area,location,time,dayoff,image,dessert,pet,nokids,takeout,delivery,meeting,franchise,parking,price,xlocation,ylocation,score,count,average
1,BLueRibBon,가좌동,경남 진주시 진주대로500번길 38,월~금 11:00 ~ 23:00 / 토~일 11:00 ~ 24:00,,/public/cafe/가좌동/BLueRibBon.jpg,0,0,0,0,0,0,0,0,4000,35.15036344,128.1045368,0,0,0
2,Cherish,가좌동,경남 진주시 가좌길 15 2층,월~일 12:00 ~ 22:00,,/public/cafe/가좌동/Cherish.jpg,0,0,0,0,0,1,0,0,4300,35.15606635,128.1058209,0,0,0
3,TALE coffee,가좌동,경남 진주시 가좌길 63 1층 테일,월~토 08:30 ~ 00:30 / 일 12:00 ~ 22:30,,/public/cafe/가좌동/TALE coffee.jpg,0,0,0,0,1,1,0,1,3700,35.1597064,128.1056079,0,0,0
4,공차 경상대점,가좌동,경남 진주시 진주대로 536 1동 103-1호,월~일 09:00 ~ 22:30,,/public/cafe/가좌동/공차 경상대점.jpg,0,0,0,0,0,0,1,0,3700,35.1542214,128.1070231,0,0,0
5,데이지,가좌동,경남 진주시 진주대로 500 1층,월~금 10:30 ~ 22:00 / 토~일 12:00 ~ 21:00,,/public/cafe/logo.png,1,0,0,0,0,0,0,0,4500,35.15153719,128.1047361,0,0,0
6,두스두스,가좌동,경남 진주시 강변길20번길 20 1층,화~일 11:00 ~ 21:00,월,/public/cafe/가좌동/두스두스.png,0,1,0,0,0,0,0,1,4200,35.16629742,128.1094057,0,0,0
7,라튤립,가좌동,경남 진주시 강변길 20,화~토 12:00 ~ 21:00 / 일 12:00 ~ 19:00,월,/public/cafe/가좌동/라튤립.jpg,1,0,0,0,0,0,0,0,4500,35.16555938,128.1106017,0,0,0
8,루씨르,가좌동,경남 진주시 가좌길 22 2층,월~토 11:30 ~ 22:00,일,/public/cafe/가좌동/루씨르.jpg,0,0,0,0,0,0,0,0,2500,35.15643715,128.1055045,0,0,0
9,반반스프링스커피 경대점,가좌동,경남 진주시 가좌안골길6번길 1 1층 반반스프링스커피,월~일 00:00 ~ 24:00(24시간 영업),,/public/cafe/가좌동/반반스프링스커피 경대점.jpg,0,0,0,0,0,1,1,0,4200,35.15375159,128.107166,0,0,0
10,빽다방 진주경상대1호점,가좌동,경남 진주시 진주대로516번길 6-1 가자상가 103호/ 201호,월~토 08:30 ~ 22:30,일,/public/cafe/logo.png,0,0,0,1,0,0,1,0,2000,35.15222385,128.1060849,0,0,0
11,빽다방 진주경상대후문점,가좌동,경남 진주시 가좌길 17-1 1층,월~목 08:00 ~ 22:00 / 금 08:00 ~ 21:00 / 토~일 09:00 ~ 21:00,,/public/cafe/가좌동/빽다방 진주경상대후문점.png,0,0,0,1,0,0,1,0,2000,35.15611755,128.105544,0,0,0
12,센트럴베이크샵,가좌동,경남 진주시 진주대로 506-1 1층 센트럴베이크샵,월~토 10:00 ~ 22:00 / 일 10:00 ~ 21:00,,/public/cafe/가좌동/센트럴베이크샵.jpg,1,0,0,0,0,1,0,1,4500,35.15205601,128.105425,0,0,0
13,소소커피,가좌동,경남 진주시 가좌길64번길 1 소소커피,월~토 12:00 ~ 22:00,일,/public/cafe/가좌동/소소커피.jpg,1,1,0,0,0,0,0,0,4000,35.15970573,128.1059185,0,0,0
14,스타벅스 진주경상대점,가좌동,경남 진주시 진주대로 510,월~일 07:30 ~ 22:00,,/public/cafe/가좌동/스타벅스 진주경상대점.jpg,0,0,0,0,0,0,1,0,4500,35.15242761,128.1056725,0,0,0
15,아버브런치앤커피,가좌동,경남 진주시 진주역로 114 4동 109호 (시티프라디움2차 광장쪽 상가),월~금 09:00 ~ 17:00 / 토 11:00 ~ 15:00,일,/public/cafe/logo.png,0,0,0,0,0,0,0,0,3500,35.15171296,128.1156809,0,0,0
16,아펠토,가좌동,경남 진주시 진주대로542번길 9-1,월~일 12:00 ~ 22:00,,/public/cafe/가좌동/아펠토.jpg,0,0,0,0,1,1,0,1,4000,35.15491032,128.1081708,0,0,0
17,에피소드02,가좌동,경남 진주시 진주대로568번길 5 1층,화~금 / 일 12:00 ~ 21:00,화 / 토 / 마지막주 일요일,/public/cafe/가좌동/에피소드02.jpg,1,0,0,0,0,0,0,0,3800,35.15741614,128.1081286,0,0,0
18,와플대학 진주 경상대 캠퍼스,가좌동,경남 진주시 가좌길29번길 16,월~토 11:30 ~ 22:00,일,/public/cafe/가좌동/와플대학 진주 경상대 캠퍼스.jpg,0,0,0,0,0,0,0,0,2500,35.15666145,128.1036989,0,0,0
19,카페 와이와이와이,가좌동,경남 진주시 강변길20번길 14 1층,월~일 10:30 ~ 23:00,,/public/cafe/가좌동/카페 와이와이와이.jpg,1,0,0,0,1,0,0,1,5000,35.16613021,128.1099298,0,0,0
20,카페인더박스,가좌동,경남 진주시 강변길20번길 18 1층,월 / 수~일 12:00 ~ 21:00,화,/public/cafe/가좌동/카페인더박스.jpg,1,0,0,0,0,0,0,1,4000,35.16626322,128.1095775,0,0,0
21,커피를 예술로 하는남자 Cafe&Bar,가좌동,경남 진주시 가좌길64번길 3-1 커피를 예술로 하는남자,월~금 11:00 ~ 24:00 / 토~일 12:00 ~ 24:00,,/public/cafe/가좌동/커피로 예술하는 남자 커예남.jpg,0,1,0,0,1,1,0,0,4000,35.1596268,128.1060545,0,0,0
22,투썸플레이스 진주경상대점,가좌동,경남 진주시 진주대로 504,월~일 09:00 ~ 22:00,,/public/cafe/가좌동/투썸플레이스 진주경상대점.jpg,0,0,0,0,0,0,1,0,4000,35.15187011,128.1052426,0,0,0
23,하이드파크,가좌동,경남 진주시 개양로119번길 6 1층,월~일 09:00 ~ 21:30,,/public/cafe/가좌동/하이드파크,0,0,0,0,0,0,0,0,4500,35.15416124,128.119659,0,0,0
24,U coffee,강남동,경남 진주시 진주대로891번길 59,,,/public/cafe/강남동/U coffee.jpg,1,0,0,0,0,0,0,0,1800,35.18362167,128.087354,0,0,0
25,감성커피 진주강남점,강남동,경남 진주시 진주대로 945 1층 감성커피,월~일 10:30~22:00,,/public/cafe/강남동/감성커피 진주강남점.jpg,1,0,0,0,1,1,1,0,1900,35.18442073,128.0881613,0,0,0
26,강남동16-5,강남동,경남 진주시 진주대로 965,,,/public/cafe/강남동/강남동16-5.jpg,1,0,0,0,0,0,0,0,3500,35.18615956,128.087253,0,0,0
27,나우커피 진주강남점,강남동,경남 진주시 망경로298번길 9,24시간 영업,,/public/cafe/강남동/나우커피 진주강남점.jpg,0,0,0,1,0,0,1,0,1400,35.18514208,128.0863697,0,0,0
28,더달아,강남동,경남 진주시 진주대로986번길 8-1,월~일 11:00~22:00,,/public/cafe/logo.png,0,0,0,0,0,0,0,0,10000,35.18760047,128.0874837,0,0,0
29,뚜레쥬르 진주강남점,강남동,경남 진주시 진주대로 895,월~일 8:00~22:00,,/public/cafe/강남동/뚜레쥬르 진주강남점.jpg,0,0,0,0,0,0,1,0,3500,35.18030282,128.0902199,0,0,0
30,요거프레소 진주강남점,강남동,경남 진주시 진주대로953번길 6,월~일 9:00~22:00,,/public/cafe/강남동/요거프레소 진주강남점.jpg,0,0,0,0,0,0,1,0,3200,35.18538221,128.0875019,0,0,0
31,이디야커피 진주강남동점,강남동,경남 진주시 진주대로929번길 15,월~일 10:00~22:00,,/public/cafe/강남동/이디야커피 진주강남동점.jpg,0,0,0,0,0,0,1,0,3200,35.18190624,128.0887172,0,0,0
32,카페 뮈렌,강남동,경남 진주시 망경로297번길 8,월~일 10:00~23:00,,/public/cafe/강남동/카페 뮈렌.jpg,1,0,0,0,1,1,0,1,5000,35.18598533,128.0859482,0,0,0
33,카페진담,강남동,경남 진주시 진주대로 891 1층 일부(버스정류장 앞),월~금 8:00~19:00 / 토 8:30~15:00,일,/public/cafe/강남동/카페 진담.png,1,0,0,0,1,0,0,1,3400,35.17985833,128.0902771,0,0,0
34,커피마마스,강남동,경남 진주시 진주대로891번길 5,,,/public/cafe/logo.png,1,0,0,0,0,0,0,0,3000,35.17966774,128.0901024,0,0,0
35,커피에반하다 진주센텀병원점,강남동,경남 진주시 진주대로941번길 8 진주센텀정형외과내과병원,,,/public/cafe/logo.png,0,0,0,0,0,0,1,0,10000,35.18422339,128.0876948,0,0,0
36,커피콩 ,강남동,경남 진주시 진주대로 913,월~일 8:00~21:00,,/public/cafe/강남동/커피콩.jpg,0,0,0,0,0,0,0,0,2500,35.18172366,128.0894657,0,0,0
37,더웨이닝커피 봉안점,계동,경남 진주시 촉석로185번길 11,,,/public/cafe/계동/더웨이닝커피 봉안점.jpg,0,0,0,0,0,0,1,0,2000,35.19613227,128.0818088,0,0,0
38,무드온,계동,경남 진주시 진주대로1108번길 7 2층 무드온,목~화 13:00~21:00,,/public/cafe/계동/무드온.jpg,1,0,0,0,0,0,0,0,4000,35.19754763,128.0813992,0,0,0
39,보보스101,계동,경남 진주시 진주대로 1110 하얀메디컬 1층,월~토 9:00~18:00 / 수 9:00~20:00,일,/public/cafe/계동/보보스101.jpg,0,0,0,0,0,0,0,0,3900,35.19727634,128.0812881,0,0,0
40,소곡집,계동,경남 진주시 비봉로58번길 12 2층,월~일 11:30~22:00,,/public/cafe/계동/소곡집.jpg,1,0,0,0,1,0,0,0,4000,35.19599381,128.0814077,0,0,0
41,오오25,계동,경남 진주시 비봉로62번길 14-1 1층 오오25,월~일 11:00~21:00,,/public/cafe/계동/오오25.jpg,1,0,0,0,1,1,0,0,4000,35.19636047,128.0814364,0,0,0
42,카라,계동,경남 진주시 비봉로 50-1,,,/public/cafe/logo.png,0,0,0,0,0,0,0,0,10000,35.19521141,128.0804869,0,0,0
43,카페보리수,계동,경남 진주시 진주대로 1117,,,/public/cafe/logo.png,0,0,0,0,0,0,0,0,10000,35.19653179,128.0806407,0,0,0
44,금곡커피,금곡면,경남 진주시 금곡면 월아산로 108-1 금곡커피,월~토 10:00 ~ 22:00,,/public/cafe/금곡면/금곡커피.jpg,1,0,0,0,0,0,0,0,2000,35.09125794,128.1871205,0,0,0
45,박앤갤러리카페,금곡면,경남 진주시 금곡면 월아산로 305,월~일 11:00 ~ 21:00,일,/public/cafe/금곡면/박앤갤러리카페.jpg,1,0,0,0,0,0,0,0,4000,35.1082323,128.1807491,0,0,0
46,음료충전소,금곡면,경남 진주시 금곡면 월아산로 620,월~토 11:00 ~ 18:00,일,/public/cafe/금곡면/음료충전소.jpg,1,0,0,0,0,0,0,1,2500,35.13107071,128.1719843,0,0,0
47,나우커피 진주금산점,금산면,경남 진주시 금산면 금산순환로22번길 17 흥한골든빌 1층 102호,월~일 00:00 ~ 24:00(24시간 영업),,/public/cafe/금산면/나우커피 진주금산점.jpg,0,0,0,1,1,0,1,1,1400,35.21540144,128.1489199,0,0,0
48,네모별베이커리,금산면,경남 진주시 금산면 금산순환로 646 2층,,월,/public/cafe/logo.png,0,0,0,0,0,0,0,0,4000,35.21266572,128.1508977,0,0,0
49,노네집,금산면,경남 진주시 금산면 금산순환로89번길 31,월~토 11:00 ~ 19:00,일,/public/cafe/금산면/노네집.jpg,0,0,0,0,0,1,0,1,4000,35.22136159,128.1481494,0,0,0
50,더벤티 진주금산점,금산면,경남 진주시 금산면 중천로 84 101호 더 벤티,월~일 07:30 ~ 21:30,,/public/cafe/금산면/더벤티 진주금산점.jpg,0,0,0,0,0,0,1,0,1800,35.21740303,128.1460575,0,0,0
51,라브리애,금산면,경남 진주시 금산면 월아산로 1539-1,월~일 10:00 ~ 21:30,,/public/cafe/금산면/라브리애.jpg,1,0,0,0,0,1,0,1,5000,35.19712783,128.1645735,0,0,0
52,멜로우나인,금산면,경남 진주시 금산면 금산로 144,월~일 10:00 ~ 22:30,,/public/cafe/금산면/멜로우나인.jpg,1,0,0,0,0,1,0,1,4200,35.21211068,128.1507106,0,0,0
53,버블이 진주금산점,금산면,경남 진주시 금산면 중천로 79 1층 106호,월~일 10:00 ~ 21:00,,/public/cafe/금산면/버블이 진주금산점.jpg,1,0,0,0,0,0,0,0,2000,35.21792559,128.1460868,0,0,0
54,봉스베리,금산면,경남 진주시 금산면 덕의길 34-12 1층,월~화/ 목~일 11:00 ~ 21:00,수,/public/cafe/금산면/봉스베리.jpg,0,0,0,0,1,1,0,1,4000,35.22065092,128.1469137,0,0,0
55,빽다방 진주금산점,금산면,경남 진주시 금산면 중천로 80,월~일 08:00 ~ 21:00,,/public/cafe/금산면/빽다방 진주금산점.jpg,0,0,0,1,0,0,1,0,2000,35.2176367,128.1457467,0,0,0
56,엔제리너스 진주금호못점,금산면,경남 진주시 금산면 금산순환로587번길 117,월~일 09:00 ~ 23:00,,/public/cafe/금산면/엔제리너스 진주금호못점.jpg,0,0,0,0,0,0,1,1,4500,35.20840239,128.1540642,0,0,0
57,옳커피,금산면,경남 진주시 금산면 갈전길124번길 15 옳커피,월~일 11:00 ~ 20:00,,/public/cafe/금산면/옳커피.jpg,0,0,1,0,0,0,0,0,5000,35.19077423,128.1663093,0,0,0
58,이늘카페,금산면,경남 진주시 금산면 금산순환로402번길 11 이늘카페,월~일 11:00 ~ 21:00,,/public/cafe/금산면/이늘카페.jpg,1,0,0,0,0,1,0,1,5500,35.23013905,128.1631781,0,0,0
59,이디야 금산점,금산면,경남 진주시 금산면 중천로 83,월~일 09:00 ~ 23:00,,/public/cafe/금산면/이디야 금산점.jpg,0,0,0,0,0,0,1,0,3200,35.21769237,128.1463695,0,0,0
60,이뮨베이커리 진주금산점,금산면,경남 진주시 금산면 금산순환로 9 1층,월~일 08:00 ~ 22:00,,/public/cafe/금산면/이뮨베이커리 진주금산점.jpg,0,0,0,0,1,0,0,0,2200,5.215264461,128.1462087,0,0,0
61,천씨씨커피 진주금산점,금산면,경남 진주시 금산면 금산로 89,월~일 08:30 ~ 22:00,,/public/cafe/금산면/천씨시커피 진주금산점.jpg,1,0,0,0,0,0,1,0,2000,35.21465464,128.1461521,0,0,0
62,청솔,금산면,경남 진주시 금산면 월아산로1440번길 91,월 10:00 ~ 15:00 / 화~일 10:00 ~ 20:30,,/public/cafe/금산면/청솔.jpg,0,0,0,0,0,0,0,1,5000,35.18898868,128.1760571,0,0,0
63,카페금산,금산면,경남 진주시 금산면 금산순환로12번길 25,월~금 11:30 ~ 23:00 / 토~일 11:00 ~ 23:00,,/public/cafe/금산면/카페금산.jpg,1,0,0,0,1,0,0,1,4100,35.21416246,128.1483569,0,0,0
64,카페디어제이,금산면,경남 진주시 금산면 금산순환로12번길 10-2 1층 카페디어제이,월~토 10:00 ~ 22:00 / 일 13:00 ~ 21:00,,/public/cafe/금산면/카페디어제이.jpg,1,0,0,0,0,0,0,1,4500,35.21524806,128.147236,0,0,0
65,카페율희당,금산면,경남 진주시 금산면 금산순환로12번길 24 1층,화~일 10:00 ~ 20:00,월,/public/cafe/금산면/카페율희당.jpg,1,1,0,0,1,0,0,1,3800,35.21451433,128.148005,0,0,0
66,컴포즈커피 진주금산점,금산면,경남 진주시 금산면 금산로 88 컴포즈커피 진주금산점,월~토 08:00 ~ 21:30 / 일 08:00 ~ 21:00,,/public/cafe/금산면/컴포즈커피 진주금산점.jpg,0,0,0,0,1,0,0,1,2000,35.2144945,128.1458842,0,0,0
67,하우스오브금산,금산면,경남 진주시 금산면 금산순환로80번길 7,월~일 09:00 ~ 22:00,,/public/cafe/금산면/하우스오브 금산.jpg,1,0,0,0,0,1,0,1,4800,35.22062409,128.151402,0,0,0
68,핸즈커피 금산점,금산면,경남 진주시 금산면 중천리 32-6,월~일 09:00 ~ 22:30,,/public/cafe/금산면 핸즈커피 금산점.jpg,0,0,0,0,0,0,0,1,3800,35.20790152,128.1502693,0,0,0
69,록하커피,남성동,경남 진주시 남강로 571-1 1층,,,/public/cafe/남성동/록하커피.jpg,1,0,0,0,0,0,0,1,4500,35.18879742,128.0749443,0,0,0
70,진주성카페,남성동,경남 진주시 남강로 626-100 1층,월~일 9:00~21:30,,/public/cafe/남성동/진주성카페.jpg,1,0,0,0,0,0,0,0,4500,35.18823407,128.0782834,0,0,0
71,진주운석빵커피,남성동,경남 진주시 남강로 626-35,화~일 9:00~18:00,월,/public/cafe/남성동/진주운석빵커피.jpg,0,0,0,0,0,0,0,0,4500,35.18901371,128.0768441,0,0,0
72,카페하우스민,남성동,경남 진주시 남강로 626,,,/public/cafe/logo.png,1,0,0,0,0,0,0,0,10000,35.19043372,128.0802222,0,0,0
73,그래나동,내동면,경남 진주시 내동면 내동로 274 1층,화~금 07:00 ~ 21:00 / 토~일 11:00 ~ 21:00,월,/public/cafe/내동면/그래나동.jpg,1,0,0,0,0,1,0,1,4000,35.14873123,128.0945698,0,0,0
74,나동카페,내동면,경남 진주시 내동면 순환로 390,월~금 10:00 ~ 20:00 / 토~일 11:00 ~ 20:00,4번째 일,/public/cafe/내동면/나동카페.jpg,1,0,0,0,0,0,0,1,3000,35.16111199,128.0689039,0,0,0
75,나무그늘,내동면,경남 진주시 내동면 내축로577번길 59,월~일 11:00 ~ 22:00,,/public/cafe/내동면/나무그늘.jpg,0,0,0,0,0,1,0,1,6500,35.13496011,128.0134071,0,0,0
76,아오라,내동면,경남 진주시 내동면 망경로 17,월~일 10:30 ~ 22:30,,/public/cafe/내동면/아오라.jpg,1,0,1,0,0,1,0,1,5500,35.1671281,128.0672193,0,0,0
77,카페더라운지,내동면,경남 진주시 내동면 내축로 523 카페더라운지,월~일 10:30 ~ 19:00,,/public/cafe/내동면/카페더라운지.jpg,1,0,0,0,0,0,0,1,4500,35.1288852,128.0226606,0,0,0
78,커피샵508,내동면,경남 진주시 내동면 경서대로4030번길 27,,,/public/cafe/logo.png,1,0,0,0,0,0,0,0,10000,35.14857742,128.029244,0,0,0
79,포코커피숍,대곡면,경남 진주시 대곡면 진의로 1114 빅마트 맞은편,월~일 11:00 ~ 22:00,,/public/cafe/대곡면/포코커피숍.jpg,0,0,0,0,0,0,0,0,4000,35.26618668,128.1690254,0,0,0
80,흔SCAFE,대곡면,경남 진주시 대곡면 진의로1079번길 13,,,/public/cafe/logo.png,0,0,0,0,0,0,0,0,10000,35.26254513,128.1681123,0,0,0
81,공차 진주대안점,대안동,경남 진주시 진양호로531번길 10,월~일 11:00~22:00,,/public/cafe/대안동/공차 진주대안점.jpg,0,0,0,0,0,0,1,0,3700,35.19356348,128.083552,0,0,0
82,글래드투미츄,대안동,경남 진주시 진주대로1079번길 9 1층,월~일 9:00~21:00,,/public/cafe/대안동/글래드투미츄.jpg,0,1,0,0,1,0,0,0,3000,35.19553078,128.0824703,0,0,0
83,꿀단지과일카페,대안동,경남 진주시 진양호로547번길 13-1,월~일 10:00~20:00,,/public/cafe/logo.png,1,0,0,0,0,0,0,0,990,35.19433941,128.0843675,0,0,0
84,더로맨티크,대안동,경남 진주시 대안동 21,,,/public/cafe/logo.png,1,0,0,0,0,0,0,0,10000,35.19353945,128.0841119,0,0,0
85,더리터 진주중앙점,대안동,경남 진주시 진주대로1070번길 9,월~금 8:00~22:00 / 토~일 9:00~22:00,,/public/cafe/logo.png,0,0,0,1,0,0,1,0,2000,35.19531291,128.0845886,0,0,0
86,더벤티 진주대안점 ,대안동,경남 진주시 촉석로 187,월~일 9:00~21:00,,/public/cafe/logo.png,0,0,0,0,0,0,1,0,1800,35.19537947,128.0825284,0,0,0
87,더식스,대안동,경남 진주시 진주대로1063번길 3 2층,수~월 10:00~20:00,,/public/cafe/대안동/더식스.jpg,1,0,0,0,1,0,0,0,4000,35.19423005,128.0836261,0,0,0
88,던킨 진주대안점,대안동,경남 진주시 진주대로 1061,월~일 8:30~22:30,,/public/cafe/대안동/던킨 진주대안점.jpg,0,0,0,0,0,0,1,0,3700,35.19423839,128.0837209,0,0,0
89,맛쪼아,대안동,경남 진주시 촉석로202번길 13-1,,,/public/cafe/logo.png,0,0,0,0,0,0,0,0,10000,35.19457743,128.0844998,0,0,0
90,민희커피,대안동,경남 진주시 진양호로547번길 10-24,,,/public/cafe/logo.png,0,0,0,0,0,0,0,0,10000,35.19432101,128.0848019,0,0,0
91,반반스프링스 대안점,대안동,경남 진주시 촉석로202번길 9 1층/ 2층 반반스프링스,월~일 10:00~22:00,,/public/cafe/대안동/반반스프링스 대안점.jpg,0,0,0,0,0,1,1,0,2800,35.19497804,128.0843611,0,0,0
92,배스킨라빈스 진주대안점,대안동,경남 진주시 진주대로1063번길 12 (대안동) 1층,월~일 10:00~23:00,,/public/cafe/대안동/배스킨라빈스 진주대안점.jpg,0,0,0,0,0,0,1,0,2500,35.19426072,128.0827967,0,0,0
93,사랑별,대안동,경남 진주시 중앙시장길 29-18,,,/public/cafe/logo.png,0,0,0,0,0,0,0,0,10000,35.19476964,128.084725,0,0,0
94,삼각지다방,대안동,경남 진주시 진양호로547번길 8-1,,,/public/cafe/logo.png,0,0,0,0,0,0,0,0,10000,35.19391448,128.0848967,0,0,0
95,설빙진주중앙점,대안동,경남 진주시 진양호로527번길 12 2층,월~일 11:30~23:00,,/public/cafe/대안동/설빙진주중앙점.jpg,0,0,0,0,0,0,0,0,3500,35.19372107,128.0830238,0,0,0
96,실버카페 사랑채,대안동,경남 진주시 중앙시장길 22-11 실버카페 사랑채,월~토 10:00~18:00 / 일 10:00~18:00,,/public/cafe/logo.png,1,0,0,0,0,0,0,0,2000,35.19437736,128.0853125,0,0,0
97,유니맘마,대안동,경남 진주시 진양호로 531 유니맘마,월~일 10:00~20:30,,/public/cafe/logo.png,1,0,0,0,0,0,0,0,2500,35.1930723,128.0835993,0,0,0
98,젤코바 1920 목공예갤러리 카페,대안동,경남 진주시 진양호로 531,화~일 11:30~22:00,월,/public/cafe/대안동/젤코바 1920 목공예갤러리 카페.jpg,1,0,0,0,0,0,0,0,4000,35.1930723,128.0835993,0,0,0
99,조타커피 대안점,대안동,경남 진주시 진주대로 1067-1 1층 조타커피 대안점,월~일 8:00~20:00,매달 3번째 월,/public/cafe/대안동/조타커피 대안점.jpg,0,0,0,1,0,0,0,0,1800,35.19471395,128.0835057,0,0,0
100,천씨씨커피 차없는거리점,대안동,경남 진주시 촉석로186번길 7,월~일 8:30~22:00,,/public/cafe/logo.png,1,0,0,0,0,0,1,0,1500,35.19452093,128.0826958,0,0,0
101,킹사이즈커피 진주 대안점,대안동,경남 진주시 진주대로1079번길 9-1,월~일 9:00~22:30,,/public/cafe/대안동/킹사이즈커피 진주 대안점.jpg,0,0,0,1,1,0,0,0,1500,35.19549709,128.0823471,0,0,0
102,파리바게뜨 진주대안점,대안동,경남 진주시 진주대로 1069 .,월~일 7:00~23:00,,/public/cafe/logo.png,0,0,0,0,0,0,1,0,3700,35.19499975,128.0834161,0,0,0
103,하삼동커피 진주대안점,대안동,경남 진주시 진양호로527번길 2 1층,,,/public/cafe/대안동/하삼동커피 진주대안점.jpg,0,0,0,0,1,0,1,0,1500,35.19299074,128.0832259,0,0,0
104,청동기카페,대평면,경남 진주시 대평면 호반로 1353,,,/public/cafe/logo.png,1,0,0,0,0,0,0,0,2500,35.22438437,127.9619666,0,0,0
105,카페앤,대평면,경남 진주시 대평면 금성로 439,화~일 12:00 ~ 19:00,월,/public/cafe/대평면/카페앤.jpg,1,0,0,0,0,0,0,1,5500,35.16091674,127.9885735,0,0,0
106,AES(이스),동성동,경남 진주시 진주대로1032번길 4-1,월~금 10:00~18:00 / 토~일 10:00~18:00,,/public/cafe/동성동/AES(이스).jpg,0,0,0,0,0,0,0,0,3500,35.19174169,128.0852316,0,0,0
107,DSD Coffee Roasters,동성동,경남 진주시 진주대로 1034-1 1층,월~토 11:00~20:00,일,/public/cafe/동성동/DSD Coffee Roasters.jpg,0,0,0,0,0,0,0,0,4500,35.19195011,128.0850367,0,0,0
108,갤러리카페안,동성동,경남 진주시 진양호로532번길 7-1,,,/public/cafe/동성동/갤러리카페안.jpg,0,0,0,0,0,0,0,0,4000,35.19241627,128.0840192,0,0,0
109,골든라티오,동성동,경남 진주시 진양호로532번길 8-1,,,/public/cafe/logo.png,0,0,0,0,0,0,0,0,10000,35.19226337,128.0838427,0,0,0
110,더치앤빈 진주대로점,동성동,경남 진주시 진주대로 1035 진주지하상가 B-21,월~일 9:30~20:00,매달 5번째 일,/public/cafe/동성동/더치앤빈 진주대로점.jpg,0,0,0,0,0,0,0,0,2500,35.19201755,128.0845003,0,0,0
111,베럴하츠,동성동,경남 진주시 남강로659번길 10-1 1층,금~수 11:00~21:00,매달 2번째 목,/public/cafe/동성동/베럴하츠.jpg,1,1,0,0,1,1,0,0,4000,35.19198992,128.0836608,0,0,0
112,베이커디,동성동,경남 진주시 진주대로 1039,월~금 8:00~22:00 / 토~일 10:30~22:00,,/public/cafe/logo.png,0,0,0,0,0,0,0,0,3600,35.19244274,128.0843744,0,0,0
113,엘리먼트브루,동성동,경남 진주시 진양호로532번길 8-2 1층 엘리먼트브루,목~화 12:00~21:00,수,/public/cafe/동성동/엘리먼트브루.jpg,1,1,0,0,0,0,0,0,4500,35.19229323,128.0837684,0,0,0
114,예날,동성동,경남 진주시 진주대로1040번길 4-1,월~토 10:00~20:30,,/public/cafe/동성동/예날.jpg,1,0,0,0,1,0,0,0,3500,35.1924245,128.085046,0,0,0
115,우리의정원,동성동,경남 진주시 진양호로 528 2층,화~일 12:00~21:00,월,/public/cafe/동성동/우리의정원.jpg,1,0,0,0,0,1,0,0,4000,35.1925995,128.0833911,0,0,0
116,인어스,동성동,경남 진주시 진주대로1032번길 5-1,월~일 11:00~21:00,,/public/cafe/동성동/인어스.jpg,1,0,0,0,1,1,0,0,3500,35.1920271,128.0852075,0,0,0
117,죽향 다구점,동성동,경남 진주시 남강로659번길 10-1,월~일 9:30~23:00,,/public/cafe/동성동/죽향 다구점.jpg,0,0,0,0,0,0,0,0,5000,35.1919854,128.0836566,0,0,0
118,죽향찻집,동성동,경남 진주시 남강로659번길 10-1 2층,월~일 10:00~22:00,,/public/cafe/logo.png,0,0,0,0,0,0,0,0,10000,35.1919854,128.0836566,0,0,0
119,카페 세모,동성동,경남 진주시 남강로673번길 5,,목,/public/cafe/동성동/카페 세모.jpg,1,0,0,0,0,1,0,0,3500,35.1917041,128.085338,0,0,0
120,커먼가든 바이홍가,동성동,경남 진주시 진주대로1040번길 13,월~일 9:00~10:00,,/public/cafe/동성동/커먼가든 바이홍가.jpg,0,0,0,0,0,0,0,0,3000,35.1927038,128.0859588,0,0,0
121,커피나무,동성동,경남 진주시 남강로659번길 6-2 커피나무,월~토 9:30~22:00,,/public/cafe/동성동/커피나무.jpg,0,0,0,0,0,1,0,0,10000,35.191513,128.0839921,0,0,0
122,CAFE1.25,망경동,경남 진주시 망경남길 65,월~일 10:00~22:00,,/public/cafe/망경동/CAFE1.25.jpg,1,0,0,0,0,1,0,0,3500,35.1832588,128.0826206,0,0,0
123,강프로고로케,망경동,경남 진주시 망경북길 28,,"첫째, 셋째주 일",/public/cafe/logo.png,0,0,0,0,0,0,0,0,3500,35.1853059,128.0818771,0,0,0
124,달달콩과자점,망경동,경남 진주시 천수로152번길 7,,,/public/cafe/logo.png,0,0,0,0,0,0,0,0,10000,35.1782213,128.0858636,0,0,0
125,대곡상회,망경동,경남 진주시 강남로325번길 12 대곡상회,월~일 11:00~22:00,,/public/cafe/망경동/대곡상회.jpg,0,0,0,0,0,1,0,1,4500,35.1858307,128.0821372,0,0,0
126,도도수제청,망경동,경남 진주시 망경남길 24,월~금 9:00~21:00 / 토~일 9:00~19:00,,/public/cafe/logo.png,0,0,0,0,1,1,0,1,3500,35.1801769,128.0852115,0,0,0
127,도우 카페공방,망경동,경남 진주시 강남로 303-2 도우,월~일 10:00~24:00,,/public/cafe/망경동/도우 카페공방.jpg,0,0,0,0,0,1,0,1,10000,35.1874474,128.0840196,0,0,0
128,동방미인 진주,망경동,경남 진주시 강남로341번길 11-1 1층,월~토 12:00~19:00,일,/public/cafe/망경동/동방미인 진주.jpg,1,0,0,0,0,1,0,0,10000,35.1851984,128.0810013,0,0,0
129,뚜레쥬르 진주망경점,망경동,경남 진주시 망경로 293-1,월~일 7:00~23:00,,/public/cafe/logo.png,0,0,0,0,0,0,1,0,2500,35.1854691,128.0853086,0,0,0
130,루시다,망경동,경남 진주시 망경북길 38,월~일 10:00~22:00,,/public/cafe/망경동/루시다.jpg,1,0,0,0,0,0,0,0,4000,35.1855662,128.0828061,0,0,0
131,망경마롱,망경동,경남 진주시 천수로 190-3 1층 마롱카페,월~일 11:00~22:00,화,/public/cafe/망경동/망경마롱.png,1,0,0,0,0,0,0,0,10000,35.1813922,128.0836572,0,0,0
132,망경싸롱,망경동,경남 진주시 천수로163번길 3,월~일 10:30~21:00,,/public/cafe/망경동/망경싸롱.jpg,0,0,0,0,0,0,0,0,5000,35.1787857,128.0843202,0,0,0
133,모시란,망경동,경남 진주시 천수로 154,,,/public/cafe/logo.png,0,0,0,0,0,0,0,0,10000,35.1782488,128.0852447,0,0,0
134,문갤러리카페,망경동,경남 진주시 천수로 245-2 문갤러리카페,월~일 10:00~23:00,,/public/cafe/망경동/문갤러리카페.jpg,1,0,0,0,0,0,0,1,5000,35.1841944,128.0788543,0,0,0
135,물빛나루카페,망경동,경남 진주시 망경로 195 1층 일부(망경동),화~일 10:30~19:00,월,/public/cafe/망경동/물빛나루카페.jpg,1,0,0,0,0,0,0,1,2000,35.1836672,128.0819394,0,0,0
136,물타무라,망경동,경남 진주시 강남로 349 1층 일부(망경동),월~토 10:00~20:00,일,/public/cafe/망경동/물타무라.jpg,0,0,0,1,1,0,0,1,2000,35.1809393,128.0808352,0,0,0
137,미스터컵,망경동,경남 진주시 망경남길 43,,,/public/cafe/logo.png,0,0,0,0,0,0,0,0,10000,35.1817597,128.0838148,0,0,0
138,뱅커스커피,망경동,경남 진주시 망경남길44번길 23,화~일 11:00~20:30,월,/public/cafe/망경동/뱅커스커피.jpg,0,0,0,0,0,1,0,1,3000,35.1831977,128.0847818,0,0,0
139,봄날은 지금,망경동,경남 진주시 강남로 305 남강하우스 1층,월~토 11:00~22:00,일,/public/cafe/망경동/봄날은 지금.jpg,1,1,0,0,0,1,0,1,5000,35.187412,128.0839145,0,0,0
140,북카페 진주1호점,망경동,경남 진주시 강남로331번길 5,,,/public/cafe/logo.png,0,0,0,0,0,0,0,0,3000,35.1862411,128.0814902,0,0,0
141,소풍지,망경동,경남 진주시 망경남길44번길 21 1층,,,/public/cafe/망경동/소풍지.jpg,1,0,0,0,0,0,0,0,10000,35.1828741,128.0848513,0,0,0
142,아이오비,망경동,경남 진주시 망경남길62번길 18-1 1층,화~일 10:00~17:00,월,/public/cafe/망경동/아이오비.jpg,1,0,0,0,0,0,0,0,4500,35.1836942,128.0845063,0,0,0
143,아트빈커피,망경동,경남 진주시 강남로325번길 7-1 1층 아트빈커피,월~토 11:00~21:00,일,/public/cafe/망경동/아트빈커피.jpg,0,0,0,0,0,0,0,0,3500,35.1862155,128.0821826,0,0,0
144,연근댁,망경동,경남 진주시 천수로 142 1층,,일,/public/cafe/망경동/연근댁.jpg,1,0,0,0,0,0,0,0,10000,35.1773405,128.0859898,0,0,0
145,오늘,망경동,경남 진주시 망경남길66번길 14,금~화 10:00~22:00 / 수 10:00~18:00,목,/public/cafe/망경동/오늘.jpg,1,0,0,0,1,0,0,0,3500,35.183711,128.0840298,0,0,0
146,은안재,망경동,경남 진주시 망경북길 28-4 1층,월~일 12:00~21:00,화 / 수,/public/cafe/망경동/은안재.jpg,1,0,1,0,0,0,0,0,4500,35.1851925,128.0817425,0,0,0
147,이거디,망경동,경남 진주시 망경북길 26 1~2층,월~일 12:00~23:00,,/public/cafe/망경동/이거디.jpg,1,1,0,0,1,0,0,0,4000,35.1852721,128.0817122,0,0,0
148,인트로망경,망경동,경남 진주시 망경로275번길 5-1 1층,월 11:00~14:00 / 수~일 11:00~21:00,화,/public/cafe/망경동/인트로망경.jpg,0,0,0,0,1,0,0,0,10000,35.1850844,128.0831562,0,0,0
149,카페 데미안,망경동,경남 진주시 천수로152번길 12,,,/public/cafe/망경동/카페 데미안.jpg,1,0,0,0,0,0,0,0,4000,35.1782406,128.0864208,0,0,0
150,카페 비니 공방,망경동,경남 진주시 망경로 235 2층,월~일 13:00~20:00,토,/public/cafe/망경동/카페 비니 공방.jpg,1,0,0,0,0,0,0,0,4000,35.1833156,128.0793847,0,0,0
151,카페 유등,망경동,경남 진주시 망경동 163-13 2층,월~일 10:00~22:00,,/public/cafe/망경동/카페 유등.jpg,1,0,0,0,1,1,0,1,4500,35.1829779,128.0779571,0,0,0
152,카페119,망경동,경남 진주시 천수로152번길 25-2,월~일 11:00~22:00,토,/public/cafe/망경동/카페119.jpg,1,0,0,0,1,0,0,0,3500,35.1791381,128.0860413,0,0,0
153,카페에이치,망경동,경남 진주시 천수로237번길 13,,,/public/cafe/망경동/카페에이치.jpg,1,0,0,0,0,0,0,0,4000,35.1833581,128.0785015,0,0,0
154,카페인,망경동,경남 진주시 강남로337번길 1 카페인,,,/public/cafe/망경동/카페인.jpg,1,0,0,0,0,1,0,0,4000,35.186188,128.0809366,0,0,0
155,커피빅스,망경동,경남 진주시 강남로 331,,,/public/cafe/망경동/커피빅스.jpg,0,0,0,1,0,0,0,0,10000,35.1865126,128.0813874,0,0,0
156,커피빵빵,망경동,경남 진주시 망경남길 57,월~토 11:00~20:00,일,/public/cafe/망경동/커피빵빵.jpg,1,0,0,0,0,0,0,0,10000,35.1827212,128.0830399,0,0,0
157,더웨이닝커피,명석면,경남 진주시 명석면 나불로 284,월~일 10:00~19:00,,/public/cafe/명석면/더웨이닝커피.jpg,1,0,0,0,0,0,1,0,4200,35.2160951,128.0408262,0,0,0
158,데이원 무인카페24 명석점,명석면,경남 진주시 명석면 광제산로 11-24,월~일 00:00~24:00(24시간 영업),,/public/cafe/명석면/데이원 무인카페24 명석점.jpg,0,0,0,0,0,1,0,1,1900,35.2170703,128.0400817,0,0,0
159,스텝온더그라운드,명석면,"경남 진주시 명석면 진주대로1808번길 94 1, 2층",월~일 10:00~22:00,,/public/cafe/명석면/스텝온더그라운드.jpg,0,0,0,0,0,0,0,0,5000,35.2335193,128.0243282,0,0,0
160,아이커피,명석면,경남 진주시 명석면 나불로 215-17,월~일 11:00~18:00,목,/public/cafe/logo.png,1,0,0,0,0,0,0,1,4000,35.2113754,128.0474357,0,0,0
161,프로방스 카페,명석면,경남 진주시 명석면 나불로 226 프로방스 카페,월~일 10:30~22:00,,/public/cafe/명석면/프로방스 카페.jpg,1,0,0,0,0,1,0,1,4500,35.2142532,128.0454686,0,0,0
162,9월의 봄,문산읍,경남 진주시 문산읍 갈곡길 10-5,화~일 10:00~20:00,월,/public/cafe/문산읍/9월의 봄.jpg,1,1,0,0,0,1,0,1,4000,35.1477,128.2083121,0,0,0
163,더웨이닝커피 국제대학교점,문산읍,경남 진주시 문산읍 동부로 965 한국 국제대학교 복지관 204호,월~일 09:00~22:00,,/public/cafe/logo.png,0,0,0,0,0,0,1,0,10000,35.1734997,128.2031031,0,0,0
164,더웨이닝커피 동부로점,문산읍,경남 진주시 문산읍 동부로 894 더웨이닝커피 동부로점,월~일 10:00~22:00,,/public/cafe/문산읍/더웨이닝커피 동부로점.jpg,0,0,0,0,0,0,1,0,4700,35.1685257,128.1955229,0,0,0
165,메가MGC커피 진주문산점,문산읍,경남 진주시 문산읍 월아산로 1075,월 08:30~17:00 / 화~금 08:30~21:00 / 일 09:30~21:00,,/public/cafe/문산읍/메가MGC커피 진주문산점.jpg,0,0,0,0,0,0,1,1,2000,35.1669757,128.1627942,0,0,0
166,보틀북스,문산읍,경남 진주시 문산읍 월아산로 1047-14,월~수 09:00~16:30 / 목~금 09:00~21:00,토 / 일,/public/cafe/문산읍/보틀북스.jpg,0,0,0,0,0,1,0,1,3500,35.1643836,128.1625546,0,0,0
167,서하접카페,문산읍,경남 진주시 문산읍 동부로 819-73,화~금 12:00~17:00 / 토~일 12:00~19:00,월,/public/cafe/문산읍/서하접카페.jpg,0,0,0,0,0,0,0,1,5000,35.1764923,128.1879107,0,0,0
168,짹짹커피 진주점,문산읍,경남 진주시 문산읍 동부로 556-14 짹짹커피 진주점,,,/public/cafe/logo.png,1,0,0,0,0,0,0,0,10000,35.1650504,128.1626455,0,0,0
169,카페마주이야기,문산읍,경남 진주시 문산읍 동부로 743,월~토 10:30~21:00 / 일 10:30~15:00,,/public/cafe/logo.png,0,1,0,0,0,1,0,1,2800,35.1711762,128.1800684,0,0,0
170,카페모란,문산읍,경남 진주시 문산읍 동부로597번길 24-4 1층,,,/public/cafe/문산읍/카페모란.jpg,1,0,0,0,0,0,0,1,4500,35.1702096,128.1654366,0,0,0
171,커피소문,문산읍,경남 진주시 문산읍 월아산로 1115 코아루아파트 상가 1층,"월, 수, 목 10:00~18:00 / 화, 금 12:00~18:30 / 토, 일 12:00~18:00",,/public/cafe/문산읍/커피소문.jpg,0,0,0,0,0,0,0,1,4000,35.1696568,128.1610985,0,0,0
172,터치카페 진주문산점,문산읍,경남 진주시 문산읍 월아산로 1076,월~일 06:00~23:00,,/public/cafe/문산읍/터치카페 진주문산점.jpg,1,0,0,0,0,0,0,0,10000,35.1669769,128.1631677,0,0,0
173,랄라콜린,미천면,경남 진주시 미천면 벌당리 산77,월~일 10:00~21:00,,/public/cafe/미천면/랄라콜린.jpg,1,0,0,0,0,1,0,1,10000,35.2847529,128.1216722,0,0,0
174,가배차진주점,본성동,경남 진주시 비봉로 8 1층,월~일 10:00~22:00,,/public/cafe/logo.png,1,0,0,0,0,0,0,1,10000,35.1915482,128.0818147,0,0,0
175,온포인트커피,본성동,경남 진주시 남강로633번길 8-1,월~토 12:00~20:00,일,/public/cafe/본성동/온포인트커피.jpg,1,0,0,0,0,0,0,0,4500,35.1913252,128.0809127,0,0,0
176,옹기,본성동,경남 진주시 남강로651번길 11 1층,월~목 15:00~21:00 / 금 13:00~19:00 / 토 19:00~23:00,일,/public/cafe/logo.png,1,0,0,0,1,0,0,0,3000,35.1917921,128.0823658,0,0,0
177,일상다반사,본성동,경남 진주시 남강로633번길 9,월~일 13:00~23:00,,/public/cafe/본성동/일상다반사.jpg,1,1,0,0,1,1,0,0,4000,35.1915156,128.0805679,0,0,0
178,진주샌드,본성동,경남 진주시 남강로 631 2층,화~일 11:30~19:30,월,/public/cafe/logo.png,0,0,0,0,1,0,0,0,10000,35.1907907,128.0806005,0,0,0
179,진주운석빵,본성동,경남 진주시 남강로 627,월~금 10:00~20:00 / 토~일 9:00~22:00,,/public/cafe/본성동/진주운석빵.jpg,0,0,0,0,1,1,0,0,5500,35.1907277,128.080215,0,0,0
180,캔버스우드,본성동,경남 진주시 남강로659번길 3,월~일 11:30~22:00,,/public/cafe/본성동/캔버스우드.jpg,0,0,0,0,0,1,0,0,10000,35.1913642,128.0836139,0,0,0
181,커피유정,본성동,경남 진주시 남강로625번길 2,,,/public/cafe/본성동/커피유정.jpg,0,0,0,0,0,0,0,0,4500,35.190706,128.0800918,0,0,0
182,커피하우스민,본성동,경남 진주시 남강로633번길 1 1.2층,월~일 11:00~21:00,,/public/cafe/본성동/커피하우스민.jpg,0,0,0,0,0,1,0,0,3500,35.190802,128.0808878,0,0,0
183,bon464,봉곡동,경남 진주시 북장대로 46,월~일 10:30~22:30,,/public/cafe/봉곡동/bon464.jpg,1,0,0,0,0,0,0,0,3500,35.1941985,128.0739712,0,0,0
184,MIN's coffee,봉곡동,경남 진주시 진주대로 1160 2층 민스커피,월~토 10:00~22:00,,/public/cafe/logo.png,1,0,0,0,0,0,0,0,3500,35.1956638,128.0761182,0,0,0
185,orrdam,봉곡동,경남 진주시 촉석로 115 2층(봉곡동),월~일 11:00~22:00,,/public/cafe/봉곡동/orrdam.jpg,1,0,0,0,1,1,0,0,4000,35.1931715,128.075026,0,0,0
186,로타리커피,봉곡동,경남 진주시 진주대로 1153,,,/public/cafe/봉곡동/로타리커피.jpg,1,0,0,0,0,0,0,0,10000,35.1955252,128.0770783,0,0,0
187,반반스프링스 봉곡점,봉곡동,경남 진주시 진주대로 1217 1층,월~일 10:00~22:00,,/public/cafe/봉곡동/반반스프링스 봉곡점.png,0,0,0,0,0,1,1,1,4000,35.1936759,128.0701261,0,0,0
188,아몽즈커피 진주봉곡점,봉곡동,경남 진주시 진주대로 1164 B동 1층,월~일 9:00~22:00,,/public/cafe/봉곡동/아몽즈커피 진주봉곡점.jpg,1,0,0,0,0,1,0,0,2000,35.1955707,128.0756601,0,0,0
189,애나커피,봉곡동,경남 진주시 진주성로 58-1,,,/public/cafe/봉곡동/애나커피.jpg,1,0,0,0,0,0,0,0,2800,35.1949094,128.0771048,0,0,0
190,우리까페,봉곡동,경남 진주시 진주대로 1188,,,/public/cafe/logo.png,0,0,0,0,0,0,0,0,10000,35.1949272,128.0731615,0,0,0
191,유캔두잇 진주성북점,봉곡동,경남 진주시 진주대로1208번길 9 1층,월~일 13:00~24:00,,/public/cafe/봉곡동/유캔두잇 진주성북점.jpg,1,0,0,0,1,0,0,0,3500,35.1948269,128.0707998,0,0,0
192,유턴커피,봉곡동,경남 진주시 진주대로 1226,월~일 9:30~22:00,,/public/cafe/봉곡동/유턴커피.jpg,1,0,0,0,0,1,0,1,4000,35.1940008,128.06909,0,0,0
193,커피상점 탁씨네,봉곡동,경남 진주시 진주대로 1145 1층,월~토 11:00~21:00,일,/public/cafe/봉곡동/커피상점 탁씨네.jpg,0,0,0,0,0,0,0,0,2500,35.1958076,128.0778323,0,0,0
194,파리바게뜨 진주봉곡점,봉곡동,경남 진주시 진주성로 57-1,월~일 09:45~22:30,,/public/cafe/봉곡동/파리바게뜨 진주봉곡점.jpg,0,0,0,0,0,0,1,0,3700,35.1947975,128.0767453,0,0,0
195,하이몬드과자점,봉곡동,경남 진주시 진주대로1163번길 9,,,/public/cafe/logo.png,0,0,0,0,0,0,0,0,10000,35.1949178,128.0764093,0,0,0
196,공간이음,사봉면,경남 진주시 사봉면 동부로1769번길 27,화~일 10:00~18:00,월,/public/cafe/사봉면/공간이음.jpg,1,0,0,0,0,0,0,1,5500,35.1816575,128.2636962,0,0,0
197,181Place,상대동,경남 진주시 모덕로 181 1층 대로변(상대현대입구),월~일 10:00~21:00,,/public/cafe/상대동/181Place.jpg,1,0,0,0,0,1,0,0,3500,35.1871445,128.1150145,0,0,0
198,KDH 1004 커피,상대동,경남 진주시 동진로 218,,,/public/cafe/상대동/KDH 1004 커피.jpg,1,0,0,0,0,0,0,0,10000,35.1796996,128.1149545,0,0,0
199,경주빵먹을래싸갈래,상대동,경남 진주시 솔밭로 106,,,/public/cafe/상대동/경주빵먹을래싸갈래.jpg,0,0,0,0,0,0,0,0,10000,35.178574,128.1071345,0,0,0
200,골든커피,상대동,경남 진주시 도동천로 111,,,/public/cafe/logo.png,0,0,0,0,0,0,0,0,10000,35.1812473,128.1117772,0,0,0
201,까로치아 진주시청점,상대동,경남 진주시 솔밭로 135 1층,월~금 11:00~1:00 / 토~일 11:30~20:00,,/public/cafe/상대동/까로치아 진주시청점.jpg,0,0,0,0,1,1,0,0,2500,35.1812099,128.1066526,0,0,0
202,내인생의봄날,상대동,경남 진주시 솔밭로132번길 15-1,,,/public/cafe/상대동/내인생의봄날.jpg,0,0,0,0,0,0,0,0,10000,35.1811057,128.1083709,0,0,0
203,노드,상대동,경남 진주시 대신로 313 1층 카페노드,월~일 10:00~22:00,,/public/cafe/상대동/노드.jpg,1,0,0,0,1,1,0,1,5000,35.1883467,128.1164727,0,0,0
204,느티나무스터디카페,상대동,경남 진주시 동진로 139 3층,월~토 10:00~22:00,,/public/cafe/logo.png,1,0,0,0,0,1,0,1,3000,35.1797034,128.1063362,0,0,0
205,더숲커피,상대동,경남 진주시 돗골로 173,월~일 9:00~23:00,,/public/cafe/상대동/더숲커피.jpg,1,0,0,0,0,1,0,1,4200,35.1836777,128.1117664,0,0,0
206,더웨이닝커피 제이스퀘어 호텔점,상대동,경남 진주시 상대동 297-8,월~일 9:00~23:00,,/public/cafe/상대동/더웨이닝커피 제이스퀘어 호텔점.png,0,0,0,0,0,0,1,0,3900,35.1786039,128.1068257,0,0,0
207,더커피하우스,상대동,경남 진주시 상대로 31,,,/public/cafe/logo.png,0,0,0,0,0,0,0,0,2500,35.1843922,128.1154309,0,0,0
208,데니스커피 진주시청점,상대동,경남 진주시 도동천로 57 데니스커피 진주시청점,월~일 9:00~22:00,,/public/cafe/상대동/데니스커피 진주시청점.jpg,0,0,0,0,0,0,0,0,10000,35.1785796,128.1072643,0,0,0
209,도란도란,상대동,경남 진주시 대신로255번길 19 1층,월~토 11:00~20:00,,/public/cafe/상대동/도란도란.jpg,1,0,0,0,0,0,0,0,3500,35.1830311,128.1151785,0,0,0
210,디저트 유희,상대동,경남 진주시 모덕로 143 1층 디저트유희,화~일 12:00~21:00,,/public/cafe/상대동/디저트 유희.jpg,1,0,0,0,0,0,0,0,4000,35.184622,128.1125498,0,0,0
211,뚜레쥬르 진주상대점,상대동,경남 진주시 동진로 192,월~일 7:00~23:00,,/public/cafe/logo.png,0,0,0,0,0,0,1,0,3500,35.1795365,128.1120484,0,0,0
212,메가MGC커피 진주시청점 ,상대동,경남 진주시 동진로 177,월~일 9:00~21:00,,/public/cafe/logo.png,0,0,0,0,0,0,1,0,2000,35.1798425,128.1106712,0,0,0
213,명준당진주본점,상대동,경남 진주시 모덕로 165,,,/public/cafe/logo.png,0,0,0,0,0,0,0,0,10000,35.1860454,128.1142983,0,0,0
214,반반스프링스 상대점,상대동,"경남 진주시 동진로 172 세원빌딩 1, 2층",월~일 9:00~23:00,,/public/cafe/logo.png,0,0,0,0,0,0,1,0,4300,35.1793244,128.1099179,0,0,0
215,봉명동내커피 진주점,상대동,경남 진주시 상대로 4 1층,월~금 11:00~1:00 / 토~일 10:00~1:00,,/public/cafe/상대동/봉명동내커피 진주점.jpg,0,1,0,0,1,0,0,0,3300,35.1839664,128.112504,0,0,0
216,북카페연암,상대동,경남 진주시 모덕로47번길 13-17,,,/public/cafe/logo.png,1,0,0,0,0,0,0,0,10000,35.1829643,128.1022165,0,0,0
217,빵들의수다,상대동,경남 진주시 도동천로 99,,,/public/cafe/logo.png,0,0,0,0,0,0,0,0,10000,35.1805109,128.110787,0,0,0
218,사랑도24시무인카페,상대동,경남 진주시 모덕로 176,24시간 영업,,/public/cafe/상대동/사랑도24시무인카페.jpg,1,0,0,0,0,0,0,1,1900,35.1867129,128.1151831,0,0,0
219,셀렉토커피 진주상대시청점,상대동,경남 진주시 도동천로 74,월~토 9:00~22:00 / 일 10:30~18:00,,/public/cafe/상대동/셀렉토커피 진주상대시청점.jpg,0,0,0,0,0,1,1,0,3200,35.1786477,128.1089178,0,0,0
220,수제하우스,상대동,경남 진주시 솔밭로 145,,,/public/cafe/logo.png,0,0,0,0,0,0,0,0,10000,35.1821145,128.1066028,0,0,0
221,아몽즈커피 진주시청점,상대동,경남 진주시 솔밭로 119 1층,월~일 8:00~20:00,,/public/cafe/상대동/아몽즈커피 진주시청점.jpg,1,0,0,0,1,0,0,0,2000,35.1798748,128.1066806,0,0,0
222,앙트르메,상대동,경남 진주시 돗골로 119 1층 앙트르메 카페,월~금 11:00~20:00 / 토 11:00~19:00,,/public/cafe/logo.png,1,0,0,0,0,0,0,0,2500,35.1788787,128.1121032,0,0,0
223,엔케이이뮨베이커리카페진주시청점,상대동,경남 진주시 도동천로 81,,,/public/cafe/logo.png,0,0,0,0,0,0,0,0,10000,35.1794489,128.109409,0,0,0
224,오늘의 당신은,상대동,경남 진주시 동진로167번길 15-8 새상가 가제 102호,월~토 8:00~18:00,,/public/cafe/상대동/오늘의 당신은.jpg,1,0,0,0,0,0,0,0,2500,35.1809429,128.1086426,0,0,0
225,유어카페,상대동,경남 진주시 동진로167번길 15-4 가제104호,월~토 11:30~19:30,,/public/cafe/상대동/유어카페.jpg,1,1,0,0,1,0,0,0,3000,35.1809627,128.109094,0,0,0
226,유캔두잇 진주시청점,상대동,경남 진주시 돗골로117번길 12-3 1층,월~일 10:00~22:00,,/public/cafe/상대동/유캔두잇 진주시청점.jpg,1,0,0,0,1,0,0,0,3500,35.1788112,128.1109251,0,0,0
227,이디야커피 진주상대동점,상대동,경남 진주시 동진로216번길 5 1층,월~일 10:00~20:30,,/public/cafe/logo.png,0,0,0,0,0,0,1,0,3200,35.1794926,128.1149955,0,0,0
228,이른여름,상대동,경남 진주시 대신로308번길 13 1층,월~일 11:00~19:00,,/public/cafe/상대동/이른여름.jpg,1,0,0,0,0,0,0,0,10000,35.1880668,128.1183804,0,0,0
229,이뮨베이커리 진주시청점,상대동,경남 진주시 동진로 168 1층,월~토 10:00~21:00,,/public/cafe/logo.png,0,0,0,0,1,0,0,0,10000,35.1794489,128.109409,0,0,0
230,자연담은이야기,상대동,경남 진주시 돗골로 166,,,/public/cafe/logo.png,0,0,0,0,0,0,0,0,10000,35.182947,128.1121882,0,0,0
231,정동근과자점,상대동,경남 진주시 동진로 218,월~일 7:00~24:00,,/public/cafe/상대동/정동근과자점.jpg,0,0,0,0,0,0,0,0,10000,35.1796996,128.1149545,0,0,0
232,제이샌드,상대동,경남 진주시 솔밭로 136,월~금 11:00~20:00 / 토 11:00~16:00,,/public/cafe/상대동/제이샌드.jpg,1,0,0,0,0,0,0,0,2500,35.1811935,128.107083,0,0,0
233,지금여기,상대동,경남 진주시 솔밭로 121 101호,월~토 9:00~18:30,,/public/cafe/상대동/지금여기.jpg,1,1,0,0,1,1,0,1,3500,35.18005841,128.1066736,0,0,0
234,천씨씨커피 도동점,상대동,경남 진주시 동진로 184,월~일 8:30~20:00,,/public/cafe/상대동/천씨씨커피 도동점.jpg,1,0,0,0,1,0,1,0,1900,35.1794759,128.1112117,0,0,0
235,카멜커피,상대동,경남 진주시 돗골로 154,,,/public/cafe/logo.png,1,0,0,0,1,0,0,0,3500,35.18203651,128.112201,0,0,0
236,카페 KN,상대동,경남 진주시 대신로 211,월~일 10:00~22:00,,/public/cafe/상대동/카페 KN.jpg,1,0,0,0,0,1,0,1,4500,35.17921597,128.1171187,0,0,0
237,카페그닥,상대동,경남 진주시 상대로 6 1층,월~토 18:30~22:00,,/public/cafe/상대동/카페그닥.jpg,1,0,0,0,1,0,0,0,3500,35.18398126,128.1127092,0,0,0
238,카페디노진주,상대동,경남 진주시 도동천로184번길 11 (상대동) 2층 진주시니어클럽,,,/public/cafe/logo.png,0,0,0,0,0,0,0,0,10000,35.18561884,128.1190269,0,0,0
239,카페설렘,상대동,경남 진주시 도동천로 123,월~일 11:00~23:00,,/public/cafe/상대동/카페설렘.jpg,1,0,0,0,1,1,0,1,4000,35.18185839,128.1125872,0,0,0
240,카페시청각,상대동,경남 진주시 동진로 155,,,/public/cafe/logo.png,1,0,0,0,0,0,0,0,1500,35.18024326,128.1088228,0,0,0
241,카페이로움135,상대동,경남 진주시 도동천로 135-1,,,/public/cafe/상대동/카페이로움135.jpg,1,0,0,0,0,0,0,0,4000,35.18266326,128.1135664,0,0,0
242,카페입술,상대동,경남 진주시 상대로 19,,,/public/cafe/logo.png,0,0,0,0,0,0,0,0,10000,35.18427181,128.1141442,0,0,0
243,커피나무카페,상대동,경남 진주시 모덕로 176,,,/public/cafe/logo.png,0,0,0,0,0,0,0,0,10000,35.18671954,128.1151932,0,0,0
244,커피빌리지,상대동,경남 진주시 동진로 111,,,/public/cafe/logo.png,1,0,0,0,0,0,0,1,3000,35.17967911,128.1034772,0,0,0
245,커피정원,상대동,경남 진주시 모덕로222번길 23,,,/public/cafe/상대동/커피정원.jpg,0,0,0,0,0,0,0,0,4000,35.18662497,128.1184704,0,0,0
246,커피플라워 에스프레소점,상대동,경남 진주시 동진로 195 1층,월~일 9:00~22:00,,/public/cafe/상대동/커피플라워 에스프레소점.jpg,0,0,0,0,1,1,1,1,4800,35.17994595,128.1126326,0,0,0
247,컴포즈커피 진주시청점,상대동,경남 진주시 도동천로 84 1층,월~일 8:00~22:00,,/public/cafe/상대동/컴포즈커피 진주시청점.jpg,0,0,0,0,0,0,0,0,2000,35.17914319,128.1097223,0,0,0
248,클라우드 나인,상대동,경남 진주시 대신로292번길 15 1층,월~토 11:00~21:00,,/public/cafe/상대동/클라우드 나인.jpg,1,0,0,0,0,1,0,1,3800,35.18666594,128.1186399,0,0,0
249,파리바게뜨 진주도동점,상대동,경남 진주시 동진로 188,,,/public/cafe/logo.png,0,0,0,0,0,0,1,0,3700,35.17951989,128.1117222,0,0,0
250,파리제과,상대동,경남 진주시 동진로 119,,,/public/cafe/logo.png,0,0,0,0,0,0,0,0,10000,35.17958599,128.1041313,0,0,0
251,플라워 에스프레소,상대동,경남 진주시 돗골로112번길 3-1,,,/public/cafe/logo.png,0,0,0,0,0,0,0,0,10000,35.17836178,128.1126675,0,0,0
252,핑크퐁당,상대동,경남 진주시 돗골로 124 1층,월~일 9:00~19:00,,/public/cafe/상대동/핑크퐁당.jpg,0,0,0,1,0,0,0,0,1500,35.17919952,128.1123846,0,0,0
253,하삼동커피 진주시청점,상대동,경남 진주시 동진로 148,월~금 8:00~20:00 / 토~일 8:00~19:00,,/public/cafe/상대동/하삼동커피 진주시청점.jpg,0,0,0,0,0,0,1,0,1500,35.1793476,128.1073789,0,0,0
254,헬로우커피,상대동,경남 진주시 모덕로 48-2 1층,,,/public/cafe/logo.png,0,0,0,0,0,0,0,0,10000,35.1813279,128.1029485,0,0,0
255,히든커피바,상대동,경남 진주시 솔밭로132번길 33,월~토 10:00~18:00,,/public/cafe/상대동/히든커피바.jpg,1,0,0,0,0,1,0,1,4000,35.18118416,128.1104421,0,0,0
256,782,상봉동,경남 진주시 의병로 95-6 1층,월~금 10:00~21:00,토 / 일,/public/cafe/상봉동/782.jpg,1,0,0,0,0,0,0,0,3500,35.20025207,128.0705163,0,0,0
257,금나래,상봉동,경남 진주시 창렬로 134,,,/public/cafe/상봉동/금나래.jpg,1,0,0,0,0,0,0,0,3000,35.19840177,128.071843,0,0,0
258,다정하게,상봉동,경남 진주시 진주대로1164번길 15 다정하게,월~토 12:00~17:00,일,/public/cafe/상봉동/다정하게.jpg,1,0,0,0,0,0,0,0,4000,35.19671943,128.0755502,0,0,0
259,더로맨티크,상봉동,경남 진주시 비봉로 101,화~일 11:00~21:00,월,/public/cafe/logo.png,1,0,0,0,1,1,0,0,10000,35.1996055,128.0786288,0,0,0
260,더리터 진주보건대점,상봉동,경남 진주시 의병로 56,월~토 8:00~22:00 / 일 9:00~22:00,,/public/cafe/상봉동/더리터 진주보건대점.jpg,0,0,0,1,0,0,1,1,2000,35.19773952,128.0686595,0,0,0
261,더웨이닝커피 진주 보건대점,상봉동,경남 진주시 창렬로114번길 2 1층,월~일 10:00~22:00,,/public/cafe/상봉동/더웨이닝커피 진주 보건대점.jpg,0,0,0,0,0,0,1,0,4000,35.19779368,128.0696088,0,0,0
262,데이원커피 상봉점,상봉동,경남 진주시 상봉대룡길 7 1층,24시간 영업,,/public/cafe/logo.png,0,0,0,0,0,0,0,0,1400,35.20041058,128.0685914,0,0,0
263,베이크온리,상봉동,경남 진주시 비봉로82번길 5 1층,월~토 11:00~19:30,일,/public/cafe/상봉동/베이크온리.jpg,0,1,0,0,1,0,0,1,3000,35.1980459,128.0799122,0,0,0
264,브릭,상봉동,경남 진주시 창렬로114번길 10 1층,토~수 11:00~22:00,목 / 금,/public/cafe/상봉동/브릭.jpg,0,0,0,0,0,0,0,0,3000,35.19722453,128.0698519,0,0,0
265,블루포트 진주보건대학교,상봉동,경남 진주시 의병로 51,,,/public/cafe/logo.png,1,0,0,0,0,0,0,0,10000,35.19805829,128.0666581,0,0,0
266,상봉동커피,상봉동,경남 진주시 비봉로73번길 18 1층,월~일 7:30~20:00,,/public/cafe/상봉동/상봉동커피.jpg,0,0,0,0,0,1,0,0,3000,35.19707444,128.0778527,0,0,0
267,아미고스커피,상봉동,경남 진주시 창렬로 78-1 1층,월~금 11:00~21:00 / 토 11:00~20:00,일,/public/cafe/상봉동/아미고스커피.jpg,0,0,0,0,0,0,0,0,3000,35.19554336,128.0690728,0,0,0
268,연두커피점,상봉동,경남 진주시 창렬로 106,,,/public/cafe/logo.png,1,0,0,0,0,0,0,0,10000,35.19750917,128.0689628,0,0,0
269,오후당,상봉동,경남 진주시 북장대로74번길 6 다정빌 상가 1층,월~토 12:00,일,/public/cafe/logo.png,0,0,0,0,0,0,0,0,10000,35.19666121,128.0734268,0,0,0
270,이디야커피 진주보건대점,상봉동,경남 진주시 창렬로 111,월~일 10:00~21:30,,/public/cafe/logo.png,0,0,0,0,0,0,1,0,3200,35.19802864,128.0694065,0,0,0
271,천씨씨커피 보건대점,상봉동,경남 진주시 창렬로98번길 1,월~일 8:00~22:00,,/public/cafe/상봉동/천씨씨커피 보건대점.jpg,1,0,0,0,1,0,1,0,2400,35.19721263,128.0686989,0,0,0
272,카페051 진주보건대점,상봉동,경남 진주시 창렬로 100,월~일 9:00~22:00,,/public/cafe/상봉동/카페051 진주보건대점.jpg,0,0,0,0,0,0,1,1,1500,35.1973263,128.0687583,0,0,0
273,카페여기서행복할것,상봉동,경남 진주시 비봉로 94,월~토 12:10~19:00,,/public/cafe/상봉동/카페여기서행복할것.jpg,1,0,0,0,0,1,0,1,4500,35.19896555,128.0791677,0,0,0
274,카페집,상봉동,경남 진주시 진주성로 196 1층,,,/public/cafe/상봉동/카페집.jpg,1,0,0,0,0,0,0,0,2500,35.20574666,128.0725337,0,0,0
275,커피야,상봉동,경남 진주시 창렬로 174-1,,,/public/cafe/logo.png,0,0,0,1,0,0,0,0,10000,35.19946315,128.0761206,0,0,0
276,커피와꽃,상봉동,경남 진주시 진주성로 106,,,/public/cafe/logo.png,0,0,0,0,0,0,0,0,10000,35.19886573,128.0757085,0,0,0
277,커피콩빵,상봉동,경남 진주시 창렬로 174,,,/public/cafe/logo.png,0,0,0,0,0,0,0,0,10000,35.19943596,128.0760152,0,0,0
278,큐브커리 로스터스,상봉동,경남 진주시 의병로 57,월~토 10:00~20:00,일,/public/cafe/상봉동/큐브커리 로스터스.jpg,1,0,0,0,0,0,0,1,4500,35.19813895,128.0679164,0,0,0
279,트루바이 진주보건대점,상봉동,경남 진주시 창렬로 95-1 트루바이 카페,월~일 10:00~22:00,,/public/cafe/상봉동/트루바이 진주보건대점.jpg,1,0,0,0,0,0,0,0,3000,35.19688668,128.0683153,0,0,0
280,파리바게트 진주상봉점,상봉동,경남 진주시 창렬로 110,,,/public/cafe/logo.png,0,0,0,0,0,0,1,0,3700,35.19773396,128.0693496,0,0,0
281,포로롱,상봉동,경남 진주시 창렬로 87,,월 / 일,/public/cafe/상봉동/포로롱.jpg,1,0,0,0,0,0,0,0,2500,35.19615624,128.0684511,0,0,0
282,더벤티 진주시청점,상평동,경남 진주시 도동천로 48 상가동 105호(진주센트럴자이),월~일 8:30~22:00,,/public/cafe/상평동/더벤티 진주시청점.jpg,0,0,0,1,0,0,0,0,1800,35.1777854,128.1056328,0,0,0
283,더웨이닝커피,상평동,경남 진주시 대신로 120 한빛장례식장 1층,월~일 10:00~21:00,,/public/cafe/상평동/더웨이닝커피.jpg,0,0,0,0,0,0,0,1,4200,35.1710386,128.1185347,0,0,0
284,데이원커피,상평동,경남 진주시 공단로 29-1,24시간 영업,,/public/cafe/상평동/데이원커피.jpg,1,0,0,0,0,0,0,0,1400,35.1751887,128.1029235,0,0,0
285,솔밭거닐다,상평동,경남 진주시 솔밭로75번길 22,월~금 11:00~17:00,토/일,/public/cafe/상평동/솔밭거닐다.jpg,1,0,0,0,0,0,0,1,3000,35.1757637,128.1049198,0,0,0
286,오오비,상평동,경남 진주시 대신로195번길 17-1 오오비,월~토 11:00~22:00,일,/public/cafe/상평동/오오비.jpg,1,0,0,0,1,1,0,1,4500,35.1776451,128.1159126,0,0,0
287,익쌀,상평동,경남 진주시 돗골로105번길 18,화~토 11:00~20:00,월/일,/public/cafe/상평동/익쌀.jpg,1,0,0,0,1,0,0,0,3000,35.1776051,128.1104832,0,0,0
288,커피웨이커,상평동,경남 진주시 솔밭로91번길 21 _레드 벽돌집,화~일 9:00~18:00,월,/public/cafe/상평동/커피웨이커.jpg,1,0,0,0,1,0,0,1,5500,35.1771434,128.1048064,0,0,0
289,컵오브커피 진주시청점,상평동,경남 진주시 솔밭로 96-1 1층,월~일 9:00~22:00,,/public/cafe/상평동/컵오브커피 진주시청점.jpg,0,0,0,0,1,0,0,0,2000,35.1777453,128.1072093,0,0,0
290,카페드프랑,성북동,경남 진주시 비봉로23번길 11,,,/public/cafe/logo.png,1,0,0,0,0,0,0,0,10000,35.1923197,128.0802256,0,0,0
291,러프커피바,수정동,경남 진주시 향교로 29 2층,목~화 12:00~21:00,수,/public/cafe/수정동/러프커피바.jpg,0,0,0,0,0,0,0,0,5000,35.19827038,128.0856705,0,0,0
292,몽환상점,수정동,경남 진주시 의병로250번길 9 1층,,,/public/cafe/수정동/몽환상점.jpg,1,1,0,0,0,1,0,0,4000,35.19913149,128.0846436,0,0,0
293,카페그곳에가면,수정동,경남 진주시 향교로17번길 14,,,/public/cafe/수정동/카페그곳에가면.jpg,1,0,0,0,0,0,0,0,2000,35.19892939,128.0841333,0,0,0
294,카페더말티,수정동,경남 진주시 향교로42번길 1,월~토 8:00~18:00,일,/public/cafe/수정동/카페더말티.jpg,1,0,0,0,0,0,0,0,2000,35.19871627,128.0867332,0,0,0
295,골목대빵,신안동,경남 진주시 숙호산로 92,화~토 10:00 ~ 20:00,월 / 일,/public/cafe/신안동/골목대빵.jpg,0,0,0,0,0,0,0,0,2000,35.18673668,128.0650082,0,0,0
296,녹녹,신안동,경남 진주시 평거로140번길 8-1,화~일 10:00 ~ 20:00,월,/public/cafe/신안동/녹녹.jpg,0,1,0,0,0,1,0,1,4000,35.18215002,128.0701026,0,0,0
297,닌니쿠키,신안동,경남 진주시 평거로 161,월~토 11:00 ~ 20:00,일,/public/cafe/신안동/닌니쿠키.jpg,0,0,0,0,0,0,0,0,2500,35.18327424,128.0685893,0,0,0
298,백야드커피 진주신안점,신안동,경남 진주시 진양호로327번길 3,월/수/금/토 12:30 ~ 19:30 / 화/목 12:30 ~ 18:00,일,/public/cafe/신안동/백야드커피 진주신안점.jpg,1,0,0,0,0,0,0,0,3800,35.18232315,128.0665076,0,0,0
299,봉명동내커피 진주2호점,신안동,경남 진주시 평거로139번길 3,월~일 11:00 ~ 23:00,,/public/cafe/신안동/봉명동내커피 진주2호점.jpg,0,0,0,0,1,0,0,0,3100,35.18164793,128.0691302,0,0,0
300,아소록,신안동,경남 진주시 진양호로 206,화~일 12:00 ~ 22:00,월,/public/cafe/신안동/아소록.jpg,0,1,0,0,1,0,0,0,4500,35.17252948,128.0600709,0,0,0
301,야미하우스,신안동,경남 진주시 천수로 310,월~금 08:00 ~ 19:00 / 토 08:00 ~ 17:00,일,/public/cafe/신안동/야미하우스.jpg,0,0,0,0,1,1,0,0,2500,35.18509182,128.0722891,0,0,0
302,올디스,신안동,경남 진주시 신평공원길75번길 9-1,월~토 12:00 ~ 21:30 / 일 13:00 ~ 21:00,,/public/cafe/신안동/올디스.jpg,0,0,0,0,0,1,0,0,4000,35.17545649,128.0682748,0,0,0
303,피크닉앤유,신안동,경남 진주시 천수로 310,월~일 09:30 ~ 21:00,,/public/cafe/신안동/피크닉앤유.jpg,1,0,0,0,0,0,0,0,2500,35.18509182,128.0722891,0,0,0
304,호지,신안동,경남 진주시 진양호로 337-1,월~토 12:00 ~ 20:00,일,/public/cafe/신안동/호지.jpg,0,0,0,0,1,0,0,0,3300,35.18304481,128.0672351,0,0,0
305,빛들케이크,옥봉동,경남 진주시 향교로 112 빛들케이크,월~일 10:00~18:00,,/public/cafe/logo.png,1,0,0,0,0,0,0,1,10000,35.19602475,128.0921997,0,0,0
306,옥봉커피집,옥봉동,경남 진주시 옥봉길9번길 4 . 2층(옥봉동),월~토 12:00~19:30,일,/public/cafe/logo.png,1,0,0,0,1,0,0,0,4000,35.19642727,128.0882255,0,0,0
307,포엠커피,옥봉동,경남 진주시 남강로 721-1,,,/public/cafe/옥봉동/포엠커피.jpg,1,0,0,0,0,0,0,0,3800,35.19159117,128.0906792,0,0,0
308,호텔동방 COFFEE,옥봉동,경남 진주시 논개길 103 동방호텔,월~일 9:00~21:00,,/public/cafe/옥봉동/호텔동방 COFFEE.jpg,0,0,0,0,0,0,0,0,4500,35.19036182,128.0925368,0,0,0
309,커피하우스,이반성면,경남 진주시 이반성면 수목원로 386 커피하우스,,,/public/cafe/logo.png,0,0,0,0,0,0,0,0,10000,35.15719825,128.295736,0,0,0
310,휴르새,이반성면,경남 진주시 이반성면 오봉산로761번길 67 휴르새,수~일 11:00 ~ 21:00,월 / 화,/public/cafe/이반성면/휴르새.jpg,0,1,0,0,0,1,0,1,4000,35.17594981,128.3215293,0,0,0
311,그레이앤그래이,이현동,이현동 19-5,화~일 10:00 ~ 22:00,월,/public/cafe/이현동/그레이앤그래이.jpg,1,0,0,0,0,1,0,1,4000,35.19385404,128.067327,0,0,0
312,더가야,이현동,경남 진주시 이현동 997-1,월~일 11:00 ~ 21:30,,/public/cafe/이현동/더가야.jpg,1,0,0,0,0,0,0,1,5000,35.20215267,128.0502182,0,0,0
313,더벤티 진주신안스포츠타운점,이현동,경남 진주시 촉석로 5-1,월~토 08:30 ~ 21:30 / 일 09:00 ~ 20:00,,/public/cafe/logo.png,0,0,0,0,0,0,1,0,2300,35.18990983,128.0637756,0,0,0
314,더벤티 진주이현점,이현동,경남 진주시 평거로 288-1,월~금 08:00 ~ 21:30 / 토~일 09:00 ~ 21:30,,/public/cafe/logo.png,0,0,0,0,0,0,1,0,1800,35.1929004,128.0620865,0,0,0
315,북파,이현동,경남 진주시 진주대로 1251,월~일 12:00 ~ 24:00,,/public/cafe/이현동/북파.jpg,1,0,0,0,0,0,0,1,4500,35.19329564,128.0666164,0,0,0
316,엔제리너스 진주윈골프점,이현동,경남 진주시 순환로676번길 30,월~일 10:00 ~ 22:00,,/public/cafe/이현동/엔제리너스 진주윈골프점.jpg,0,0,0,0,0,0,1,1,4500,35.18407046,128.0597879,0,0,0
317,이디야커피 진주이현동점,이현동,경남 진주시 진주대로 1317-15,월~일 09:00 ~ 21:00,,/public/cafe/logo.png,0,0,0,0,0,0,1,0,3200,35.19404325,128.060194,0,0,0
318,카페이현,이현동,경남 진주시 평거로 281,월~토 09:30 ~ 20:00,일,/public/cafe/logo.png,0,0,0,0,1,0,0,0,3000,35.19224376,128.0620082,0,0,0
319,카페현,이현동,경남 진주시 숙호산로 85,월~토 08:00 ~ 21:00 / 일 09:00 ~ 20:00,2/4번째 수,/public/cafe/이현동/카페현.jpg,1,0,0,0,0,1,0,0,3000,35.18679668,128.0641398,0,0,0
320,타니카페,이현동,경남 진주시 촉석로 11,월~일 10:00 ~ 22:00,,/public/cafe/이현동/타니카페.jpg,1,0,0,0,0,1,0,1,3500,35.19006472,128.0642734,0,0,0
321,데이앤데이 진주점,인사동,경남 진주시 진양호로 477,,,/public/cafe/logo.png,0,0,0,0,0,0,0,0,10000,35.19159662,128.077415,0,0,0
322,배스킨라빈스 진주이마트,인사동,경남 진주시 진양호로 477 (인사동) 지하1층 진주이마트,월~일 10:00~23:00,,/public/cafe/logo.png,0,0,0,0,0,0,1,0,2500,35.19159662,128.077415,0,0,0
323,엘더프랑 인사점,인사동,경남 진주시 인사동 123-15,화~일 11:00~21:00,월,/public/cafe/인사동/엘더프랑 인사점.jpg,1,0,0,0,0,1,0,0,4500,35.18994334,128.0758264,0,0,0
324,오브젝트 ,인사동,경남 진주시 진양호로 433 1층 오브젝트,24시간 영업,,/public/cafe/인사동/오브젝트 .jpg,1,0,0,0,0,0,0,1,4500,35.189753,128.0732952,0,0,0
325,인트로 주스,인사동,경남 진주시 진주성로24번길 10-1 1층 일부 인트로주스,월~일 11:00~20:00,,/public/cafe/logo.png,1,0,0,0,1,0,0,0,3000,35.1920029,128.0790988,0,0,0
326,카페갤러리 4978,인사동,경남 진주시 진주성로24번길 10 1층,월~일 13:00~21:00,,/public/cafe/인사동/카페갤러리 4978.jpg,1,0,1,0,0,0,0,0,5500,35.19193922,128.0789319,0,0,0
327,커피랑,인사동,경남 진주시 진주성로24번길 6,월~토 12:00~19:00,일,/public/cafe/인사동/커피랑.jpg,1,0,0,0,0,1,0,0,4000,35.19181191,128.0785024,0,0,0
328,프리미엄커피하우스,인사동,경남 진주시 촉석로 74,,,/public/cafe/logo.png,1,0,0,0,0,0,0,0,10000,35.1917741,128.07084,0,0,0
329,COFFEE99,일반성면,경남 진주시 일반성면 동부로 1979,화~일 11:50 ~ 21:00,월,/public/cafe/일반성면/COFFEE99.jpg,1,0,0,0,0,0,0,0,3500,35.17002358,128.2783045,0,0,0
330,레일로드,일반성면,경남 진주시 일반성면 동부로1960번길 9,월~일 10:00 ~ 22:00,,/public/cafe/일반성면/레일로드.jpg,1,0,0,0,0,1,0,1,4000,35.17047485,128.2758339,0,0,0
331,수피랑,일반성면,경남 진주시 일반성면 동부로 1972 1층,월/ 수~금 08:00 ~ 21:00 / 토~일 10:00 ~ 20:00,화,/public/cafe/일반성면/수피랑.jpg,1,0,0,0,0,1,0,1,3500,35.17030634,128.2774044,0,0,0
332,카페마일로 진주수목원점,일반성면,경남 진주시 일반성면 동부로2060번길 1,월~일 07:00 ~ 22:00,,/public/cafe/일반성면/카페마일로 진주수목원점.jpg,1,1,0,0,0,1,0,1,2000,35.16944876,128.286839,0,0,0
333,히얼,일반성면,경남 진주시 진주대로930번길 10-1 2층,월~토 09:00 ~ 12:00,일,/public/cafe/일반성면/히얼.jpg,1,0,0,0,0,1,0,1,4000,35.1833986,128.0900515,0,0,0
334,달콩,장대동,경상남도 진주시 장대동 60-8,,,/public/cafe/logo.png,1,0,0,0,0,0,0,0,2500,35.19460444,128.0876983,0,0,0
335,더웨이닝커피 진주장대점,장대동,경남 진주시 남강로 706 1층,월~토 8:00~21:00 / 일 10:00~21:00,,/public/cafe/장대동/더웨이닝커피 진주장대점.jpg,0,0,0,0,0,1,1,0,4200,35.19128842,128.088657,0,0,0
336,마노핀 진주장대점,장대동,경남 진주시 남강로 705,월~토 7:00~21:00 / 일 8:00~20:00,,/public/cafe/logo.png,0,0,0,0,0,0,0,0,2300,35.19177059,128.0885597,0,0,0
337,빵굽는이야기,장대동,경남 진주시 진양호로 555,,,/public/cafe/logo.png,0,0,0,0,0,0,0,0,10000,35.19381324,128.0861059,0,0,0
338,연백커피,장대동,경남 진주시 진양호로 561-2 1층,24시간 영업,,/public/cafe/장대동/연백커피.jpg,0,0,0,0,0,0,0,0,1900,35.19399562,128.0866541,0,0,0
339,이디야커피 장대동점,장대동,경남 진주시 남강로 690 1층,월~일 9:00~21:00,,/public/cafe/logo.png,0,0,0,0,0,0,1,0,3200,35.19127729,128.087046,0,0,0
340,카페엔데코,장대동,경남 진주시 남강로 691-1 101호,월~일 10:00~20:00,,/public/cafe/장대동/카페엔데코.jpg,1,0,0,0,0,1,0,1,4500,35.19165276,128.087359,0,0,0
341,텀브커피 진주시외버스터미널점,장대동,경남 진주시 남강로 712 진주시외버스터미널,월~일 8:00~19:30,,/public/cafe/장대동/텀브커피 진주시외버스터미널점.jpg,0,0,0,0,0,0,0,0,1800,35.19135149,128.0893701,0,0,0
342,나우커피,장재동,경남 진주시 진산로 208,24시간 영업,,/public/cafe/장재동/카페피네.jpg,0,0,0,0,0,0,0,0,1900,35.2056601,128.1038365,0,0,0
343,카페피네,장재동,경남 진주시 진산로 262,월~일 11:00~22:00,,/public/cafe/장재동/나우커피.jpg,0,0,0,0,0,0,0,0,3800,35.2101874,128.1027651,0,0,0
344,다소니,정촌면,경남 진주시 정촌면 삼일로72번길 14-4 1층,월~수/금 08:30 ~ 20:30 / 토~일 10:30 ~ 19:00,목,/public/cafe/정촌면/다소니.jpg,1,0,0,0,1,0,0,1,3000,35.12601868,128.0992969,0,0,0
345,더웨이닝커피 강주연못점,정촌면,경남 진주시 정촌면 강주길54번길 20,월~일 10:00 ~ 21:00,,/public/cafe/정촌면/더웨이닝커피 강주연못점.jpg,1,0,0,0,1,1,0,1,3900,35.1129678,128.0963525,0,0,0
346,데이원 무인카페24 진주정촌면,정촌면,경남 진주시 정촌면 삼일로106번길 8,월~일 00:00 ~ 24:00(24시간 영업),,/public/cafe/정촌면/데이원 무인카페24 진주정촌면.jpg,1,0,0,0,0,0,0,1,1600,35.12881182,128.0993179,0,0,0
347,로만틱진주,정촌면,경남 진주시 정촌면 화개천로 100 1층 102호,월~일 12:00 ~ 21:00,,/public/cafe/정촌면/로만틱진주.jpg,0,0,0,0,0,0,0,1,4000,35.12624625,128.1025517,0,0,0
348,로터스 커피앤 베이커리,정촌면,경남 진주시 정촌면 강주길 24 주1동 1층 로터스커피앤베이커리,월~일 10:00 ~ 22:00,,/public/cafe/정촌면/로터스 커피앤 베이커리.jpg,1,0,1,0,1,1,0,1,4500,35.11417311,128.0944488,0,0,0
349,메가MGC커피 진주정촌점,정촌면,경남 진주시 정촌면 삼일로72번길 12 1층,월~일 08:30 ~ 21:00,,/public/cafe/정촌면/메가MGC커피 진주정촌점.jpg,0,0,0,0,0,0,1,0,2000,35.1262712,128.0992697,0,0,0
350,미코카페,정촌면,경남 진주시 정촌면 화개천로 82 1층 일부,월~토 10:00 ~ 24:00,일,/public/cafe/logo.png,1,1,0,0,0,0,0,1,3000,35.12491675,128.1018762,0,0,0
351,반반스프링스 정촌점,정촌면,경남 진주시 정촌면 진주대로 66,화~일 10:00 ~ 22:00,월,/public/cafe/정촌면/반반스프링스 정촌점.jpg,0,0,0,0,1,0,1,1,2800,35.1163316,128.0929078,0,0,0
352,빽다방 진주정촌점,정촌면,경남 진주시 정촌면 삼일로 13 우방아이유쉘 상가동 106호,월~일 07:30 ~ 21:00,,/public/cafe/정촌면/빽다방 진주정촌점.jpg,0,0,0,1,0,0,1,0,2000,35.12188054,128.0982486,0,0,0
353,설빙 진주정촌아울렛점,정촌면,경남 진주시 정촌면 삼일로105번길 32-13,월 12:00 ~ 18:00 / 화~일 11:30 ~ 22:00,,/public/cafe/정촌면/설빙 진주정촌아울렛점.jpg,0,0,0,0,1,1,0,1,3800,35.13182937,128.1003445,0,0,0
354,숲,정촌면,경남 진주시 정촌면 무선산로 280 숲 CAFE,월/ 수~일 12:00 ~ 19:00,화,/public/cafe/정촌면/숲.jpg,1,0,0,0,0,0,0,0,5000,35.1178386,128.1544634,0,0,0
355,안디무지크,정촌면,경남 진주시 정촌면 정촌로 619 안디무지크,월/ 수~일 10:30 ~ 19:30,화,/public/cafe/정촌면/안디무지크.jpg,0,0,0,0,0,1,0,1,5000,35.13704997,128.1426611,0,0,0
356,에디슨커피로스터스,정촌면,경남 진주시 정촌면 화개천로 80 1층,월~금 09:30 ~ 17:00,토 / 일,/public/cafe/정촌면/에디슨커피로스터스.jpg,0,0,0,0,0,0,0,1,4000,35.12472239,128.1018703,0,0,0
357,카페 예하리,정촌면,경남 진주시 정촌면 강주길 12 1층,월~토 10:30 ~ 21:00 / 일 12:30 ~ 20:30,,/public/cafe/정촌면/카페 예하리.jpg,1,0,0,0,0,0,0,1,4000,35.11453036,128.0929641,0,0,0
358,카페돌석,정촌면,경남 진주시 정촌면 삼일로95번길 50-25 카페 돌석,화~일 11:00 ~ 18:00,월,/public/cafe/정촌면/카페돌석.jpg,1,1,0,0,0,0,0,1,4500,35.13233209,128.1007445,0,0,0
359,카페봄봄 진주정촌점,정촌면,경남 진주시 정촌면 삼일로106번길 8 상가1동 109호,월~일 09:00 ~ 22:00,,/public/cafe/정촌면/카페봄봄 진주정촌점.jpg,0,0,0,0,1,0,1,1,1800,35.12881182,128.0993179,0,0,0
360,테이크루트,정촌면,경남 진주시 정촌면 강주길18번길 20-1,,,/public/cafe/정촌면/테이크루트.jpg,1,0,0,0,0,0,0,0,3800,35.1128549,128.0934658,0,0,0
361,파스쿠찌 진주모다점,정촌면,경남 진주시 정촌면 삼일로95번길 46 모다아울렛 본관 내 2층,월~일 11:00 ~ 21:00,,/public/cafe/logo.png,0,0,0,0,0,0,1,0,4500,35.13211278,128.0984624,0,0,0
362,나인커피,주약동,경남 진주시 진주대로 841,월~금 8:00~22:00,매달 1번째 주말,/public/cafe/주약동/나인커피.jpg,0,1,0,0,0,1,0,1,4000,35.17572536,128.0923233,0,0,0
363,남쪽봄,주약동,경남 진주시 진주대로829번길 16-1,,,/public/cafe/logo.png,0,0,0,0,0,0,0,0,10000,35.17491938,128.0918779,0,0,0
364,다인스그랜파,주약동,경남 진주시 진주대로879번길 19 1층 상가,월~금 10:00~19:00 / 토 13:00~18:00,일,/public/cafe/주약동/다인스그랜파.jpg,1,0,0,0,1,0,0,1,4500,35.1779848,128.089911,0,0,0
365,더슬로우베이커리카페 주약본점,주약동,경남 진주시 진주대로815번길 8 더슬로우 베이커리 주약,월~일 8:30~23:00,,/public/cafe/주약동/더슬로우베이커리카페 주약본점.jpg,0,0,0,0,0,0,0,0,3000,35.1735537,128.0929788,0,0,0
366,뚜레쥬르 진주주약점,주약동,경남 진주시 진주대로816번길 3,월~일 8:00~22:00,매달 3번째 일,/public/cafe/주약동/뚜레쥬르 진주주약점.jpg,0,0,0,0,0,0,1,0,3500,35.1739154,128.0939738,0,0,0
367,레트로마마,주약동,경남 진주시 진주대로816번길 8,,,/public/cafe/주약동/레트로마마.jpg,1,0,0,0,0,0,0,0,3000,35.173795,128.094552,0,0,0
368,망경제과,주약동,경남 진주시 천수로112번길 12 망경제과,수~일 10:00~19:00,월~화,/public/cafe/주약동/망경제과.jpg,0,0,0,0,0,0,0,0,4500,35.1760763,128.0890719,0,0,0
369,스너그로브,주약동,경남 진주시 진주대로816번길 6-1,월~토 8:00~18:00,일,/public/cafe/주약동/스너그로브.jpg,1,0,0,0,0,0,0,1,4000,35.1734901,128.0943555,0,0,0
370,스무디킹 이마트24R진주세란병원점,주약동,경남 진주시 진주대로829번길 6,,,/public/cafe/logo.png,0,0,0,0,0,0,1,0,10000,35.174797,128.092589,0,0,0
371,스타벅스 진주칠암DT점,주약동,경남 진주시 진주대로829번길 4,월~일 7:00~23:00,,/public/cafe/주약동/스타벅스 진주칠암DT점.jpg,0,0,0,0,0,0,1,1,4500,35.17482,128.0927932,0,0,0
372,아담 ,주약동,경남 진주시 진주대로 849-4,,일,/public/cafe/주약동/아담 .jpg,1,0,0,0,0,0,0,0,3000,35.17684,128.091801,0,0,0
373,이디야커피 진주주약동점,주약동,경남 진주시 진주대로815번길 14,월~일 9:00~23:00,,/public/cafe/주약동/이디야커피 진주주약동점.jpg,0,0,0,0,0,0,1,0,3200,35.1734019,128.0923259,0,0,0
374,이안 브런치카페,주약동,경남 진주시 주약약골길16번길 18 주 2동 1층,월~일 8:00~19:00,,/public/cafe/주약동/이안 브런치카페.jpg,0,1,0,0,0,1,0,1,10000,35.1726573,128.0891039,0,0,0
375,진경커피,주약동,경남 진주시 진주대로856번길 8,월~토 9:00~20:00,일,/public/cafe/주약동/진경커피.png,1,0,0,0,0,1,0,0,3500,35.1771391,128.0927605,0,0,0
376,카페 담 CAFE DAM,주약동,경남 진주시 진주대로 832-12 주약동,금~수 10:00~22:00 / 목 8:30~22:00,,/public/cafe/주약동/카페 담 CAFE DAM.jpg,1,0,0,0,0,0,0,1,5000,35.1701569,128.0853287,0,0,0
377,커피쿡 진주주약점,주약동,경남 진주시 진주대로 851 1층,월~일 10:00~1:00,,/public/cafe/주약동/커피쿡 진주주약점.jpg,1,0,0,1,1,0,1,0,10000,35.1765737,128.0919632,0,0,0
378,커피홀베이커리 진주가야자모점,주약동,경남 진주시 진주대로 869 1층,월~일 8:30~22:00,,/public/cafe/주약동/커피홀베이커리 진주가야자모점.jpg,0,0,0,0,0,1,1,0,3700,35.1780087,128.0911347,0,0,0
379,터치카페 진주주약점,주약동,경남 진주시 진주대로816번길 18-1 명성빌딩 1층,월~일 6:00~1:00,,/public/cafe/주약동/터치카페 진주주약점.jpg,1,0,0,1,0,0,1,0,1600,35.1739809,128.0956431,0,0,0
380,투썸플레이스 진주세란병원점,주약동,경남 진주시 진주대로829번길 5-4 예동빌딩 1/ 2층,일~목 8:00~22:00 /  금~토 8:00~23:00,,/public/cafe/주약동/투썸플레이스 진주세란병원점.jpg,0,0,0,0,0,1,1,0,4500,35.1745135,128.092566,0,0,0
381,파리바게뜨 진주주약점,주약동,경남 진주시 진주대로 820 (주약동) 1층 파리바게뜨 진주주약점,월~일 7:00~21:30,,/public/cafe/주약동/파리바게뜨 진주주약점.jpg,0,0,0,0,0,0,1,0,3700,35.1740096,128.0937892,0,0,0
382,하루디저트,주약동,경남 진주시 진주대로829번길 16-5,월~금 10:00~16:30,토 / 일,/public/cafe/주약동/하루디저트.jpg,1,0,0,0,0,1,0,1,3000,35.1750491,128.0920674,0,0,0
383,ADDY카페,중안동,경남 진주시 촉석로 157 1층 ADDYcafe,월~일 10:00~22:00,,/public/cafe/logo.png,1,0,0,0,0,1,0,1,3000,35.1944845,128.0793564,0,0,0
384,cafe 달곰,중안동,경남 진주시 비봉로 20,,,/public/cafe/logo.png,0,0,0,0,0,0,0,0,2000,35.192557,128.081432,0,0,0
385,Im커피,중안동,경남 진주시 진양호로493번길 2,,,/public/cafe/중안동/Im커피.jpg,0,0,0,0,0,0,0,0,3500,35.191841,128.079661,0,0,0
386,MA MAISON,중안동,경남 진주시 비봉로23번길 9,월~일 11:00~22:00,,/public/cafe/중안동/MA MAISON.jpg,1,0,0,0,0,1,0,0,4500,35.192354,128.0803114,0,0,0
387,Sweet store,중안동,경남 진주시 진양호로 515-2,월~금 11:30~19:30,,/public/cafe/중안동/Sweet store.jpg,1,0,0,0,1,0,0,0,10000,35.1925991,128.0820128,0,0,0
388,나라주스,중안동,경남 진주시 비봉로23번길 5,,,/public/cafe/중안동/나라주스.jpg,0,0,0,0,0,0,0,0,2300,35.19257,128.080951,0,0,0
389,다연,중안동,경남 진주시 촉석로158번길 2,,,/public/cafe/logo.png,0,0,0,0,0,0,0,0,10000,35.19257,128.080951,0,0,0
390,더웨이닝커피 로데오점,중안동,경남 진주시 비봉로24번길 8-1,월~일 10:00~24:00,,/public/cafe/중안동/더웨이닝커피 로데오점.png,0,0,0,0,0,0,1,0,3900,35.1928688,128.0820908,0,0,0
391,빽다방 진주로데오점,중안동,경남 진주시 촉석로186번길 6,월~일 9:00~23:00,,/public/cafe/중안동/빽다방진주로데오점.jpg,0,0,0,1,0,0,1,0,2000,35.194772,128.0823436,0,0,0
392,살루스카페,중안동,경남 진주시 촉석로158번길 11,,,/public/cafe/중안동/살루스카페.jpg,0,0,0,0,0,0,0,0,10000,35.1935412,128.080098,0,0,0
393,샤넬카페,중안동,경남 진주시 촉석로 152,,,/public/cafe/logo.png,0,0,0,0,0,0,0,0,10000,35.1941007,128.079018,0,0,0
394,수류헌,중안동,경남 진주시 비봉로39번길 16,,,/public/cafe/중안동/수류헌.jpg,1,0,0,0,0,1,0,1,5500,35.1938561,128.079158,0,0,0
395,스타벅스 진주중안점,중안동,경남 진주시 진양호로527번길 3,월~일 8:00~22:00,,/public/cafe/중안동/스타벅스 진주중안점.jpg,0,0,0,0,0,0,1,0,4500,35.1929415,128.08295,0,0,0
396,알로하커피,중안동,경남 진주시 비봉로34번길 11 2층알로하커피,월~일 12:00~23:00,,/public/cafe/중안동/알로하커피.jpg,0,0,0,0,1,1,0,0,3700,35.1940811,128.0820792,0,0,0
397,얌스터리,중안동,경남 진주시 촉석로177번길 1,,,/public/cafe/중안동/얌스터리.jpg,0,0,0,0,0,0,0,0,2000,35.1950717,128.081304,0,0,0
398,오야미 과자점,중안동,경남 진주시 비봉로 39 오야미 과자점,월~토 9:00~23:00,일,/public/cafe/중안동/오야미 과자점.jpg,0,0,0,0,0,0,0,0,10000,35.194237,128.080598,0,0,0
399,이디야커피 진주대안동점,중안동,경남 진주시 촉석로186번길 6-1,월~일 9:40~22:00,,/public/cafe/중안동/이디야커피 진주대안동점.jpg,0,0,0,0,0,0,1,0,3200,35.1947257,128.0823533,0,0,0
400,쥬씨 진주중앙점,중안동,경남 진주시 진양호로 521 롯데시네마,,,/public/cafe/logo.png,0,0,0,0,0,0,1,0,10000,35.1928336,128.082636,0,0,0
401,쥬씨&차얌 진주중안점,중안동,경남 진주시 진양호로 521,월~일 12:00~19:00,,/public/cafe/중안동/쥬씨&차얌 진주중안점.jpg,0,0,0,0,0,0,1,0,1000,35.1928207,128.082618,0,0,0
402,철이네작은카페,중안동,경남 진주시 촉석로 156,월~금 8:30~19:00 / 토 9:30~17:00,일,/public/cafe/중안동/철이네 작은카페.jpg,0,0,0,0,0,0,0,0,2000,35.1941736,128.0794373,0,0,0
403,카페 이층남자,중안동,경남 진주시 진양호로 513-2,월~일 10:00~23:00,,/public/cafe/중안동/카페 이층남자.jpg,1,0,0,0,0,1,0,0,3700,35.1924782,128.0817526,0,0,0
404,카페 판단,중안동,경남 진주시 비봉로23번길 13-1,월~일 10:00~22:00,,/public/cafe/중안동/카페 판단.jpg,1,0,0,0,0,1,0,0,4000,35.1921984,128.0799161,0,0,0
405,카페드프랑,중안동,경남 진주시 비봉로23번길 11,월~일 10:00~21:00,,/public/cafe/중안동/카페드프랑.jpg,0,0,0,0,0,0,0,1,10000,35.1923197,128.0802256,0,0,0
406,펄 커피 로스터,중안동,경남 진주시 비봉로24번길 15 Pearl Coffee Roaster 펄 커피 로스터,월~금 10:00~18:00 / 토~일 11:00~18:00,,/public/cafe/중안동/펄 커피 로스터.jpg,1,1,0,0,1,0,0,0,10000,35.1934129,128.0825477,0,0,0
407,행복충전수,중안동,경남 진주시 비봉로50번길 2,,,/public/cafe/중안동/행복충전수.jpg,0,0,0,0,0,0,0,0,10000,35.1949965,128.080644,0,0,0
408,허그유,중안동,경남 진주시 진양호로 525-1 1층 A호,월~일 10:00~21:00,격주 월,/public/cafe/중안동/허그유.jpg,1,1,0,0,1,1,0,0,10000,35.1928208,128.0829695,0,0,0
409,허니타임,중안동,경남 진주시 비봉로23번길 6,월~일 11:00~20:00,,/public/cafe/중안동/허니타임.jpg,1,0,0,0,1,0,0,1,10000,35.192726,128.0807476,0,0,0
410,경의카페,지수면,경남 진주시 지수면 지수로 482 상남관1층 경의카페,화~일 09:30 ~ 17:30,월,/public/cafe/지수면/경의카페.jpg,0,0,0,0,0,0,0,1,2500,35.2348393,128.2705246,0,0,0
411,꼬사꼬사카페,지수면,경남 진주시 대곡면 진의로1079번길 13,월/ 수~일 11:30 ~ 18:00,화,/public/cafe/지수면/꼬사꼬사카페.jpg,1,1,0,0,0,1,0,1,4900,35.2625527,128.1681204,0,0,0
412,지수카페,지수면,경남 진주시 지수면 지수로 501,월~일 07:30 ~ 20:30,,/public/cafe/지수면/지수카페.jpg,1,0,0,0,0,0,0,0,3000,35.2365422,128.2701615,0,0,0
413,진주승산마을카페,지수면,경남 진주시 지수면 승산길 18 1층,월~일 10:00 ~ 18:00,1/3번째 월,/public/cafe/지수면/진주승산마을카페.jpg,1,0,0,0,0,0,0,0,3000,35.2339443,128.2682309,0,0,0
414,여기coffee,진성면,경남 진주시 진성면 동부로 1356,월~일 06:00 ~ 23:00,,/public/cafe/진성면/여기coffee.jpg,1,0,0,0,0,0,0,0,10000,35.1872988,128.2248017,0,0,0
415,카페상촌,진성면,경남 진주시 진성면 동부로 1312 2층,월~토 10:30 ~ 22:00 / 일 12:00 ~ 21:00,,/public/cafe/진성면/카페상촌.jpg,0,0,0,0,0,1,0,1,4000,35.1832723,128.2245215,0,0,0
416,집현다방,집현면,경남 진주시 집현면 응석로 107 . 1층,화~일 11:00 ~ 18:30,월,/public/cafe/집현면/집현다방.jpg,1,0,0,0,0,0,0,1,4000,35.2694548,128.0700208,0,0,0
417,카페 보볼리궁전,집현면,경남 진주시 집현면 진주성로 307,화~일 11:00 ~ 21:00,월,/public/cafe/집현면/카페 보볼리궁전.jpg,1,0,0,0,0,0,0,0,5500,35.213746,128.0658933,0,0,0
418,cafe AAM,초전동,경남 진주시 말티고개로 31,월~일 10:00~21:00,,/public/cafe/초전동/cafe AAM.jpg,1,1,1,0,1,1,0,1,4900,35.2000207,128.1061835,0,0,0
419,그라운드헤븐,초전동,경남 진주시 대신로 626-13,월~일 11::30~22:00,,/public/cafe/초전동/그라운드헤븐.jpg,1,0,1,0,0,1,0,1,5500,35.2154227,128.1129428,0,0,0
420,더슬로우 베이커리카페 초전직영점,초전동,경남 진주시 대신로 406 더슬로우베이커리,월~일 9:00~22:00,,/public/cafe/초전동/더슬로우 베이커리카페 초전직영점.jpg,1,0,0,0,1,0,1,1,4200,35.1963246,128.1168001,0,0,0
421,마롱,초전동,경남 진주시 초전북로61번길 16-5 마롱,화~일 12:00~22:00,월,/public/cafe/초전동/마롱.jpg,1,1,0,0,1,1,0,1,4500,35.2104076,128.1142492,0,0,0
422,베이끄,초전동,경남 진주시 초북로 62-9 1층,월~일 11:00~21:00,,/public/cafe/초전동/베이끄.jpg,1,0,0,0,1,0,0,0,3500,35.2145755,128.1115129,0,0,0
423,베이크드바이연,초전동,경남 진주시 초전북로39번길 5-22,화~토 11:00~20:00,월/일,/public/cafe/초전동/베이크드바이연.jpg,1,0,0,0,1,0,0,0,4500,35.2089552,128.1100385,0,0,0
424,스타벅스 진주초전DT점,초전동,경남 진주시 대신로 411,월~일 7:00~22:00,,/public/cafe/초전동/스타벅스 진주초전DT점.jpg,0,0,0,0,0,0,1,1,4500,35.1973771,128.1160341,0,0,0
425,언어의 정원,초전동,경남 진주시 초전북로39번길 5-2 1층 언어의 정원,화~일 11:00~20:30,월,/public/cafe/초전동/언어의 정원.jpg,1,0,0,0,0,0,0,0,4500,35.2086553,128.1108603,0,0,0
426,엘더프랑,초전동,경남 진주시 초전남로 36 흥한아파트 상가 103호,화~일 7:00~19:00,,/public/cafe/초전동/엘더프랑.jpg,1,1,0,0,1,0,0,1,4500,35.1991894,128.114783,0,0,0
427,카페백송,초전동,경남 진주시 대신로 634-16,월~일 10:30~22:00,,/public/cafe/초전동/카페백송.jpg,1,0,0,0,0,1,0,1,4500,35.2161475,128.1124187,0,0,0
428,Eight to One,충무공동,경남 진주시 범골로37번길 33-16 . 1층,월~토 10:00 ~ 23:00 / 일 10:00 ~ 22:00,,/public/cafe/충무공동/Eight to One.jpg,1,1,0,0,1,1,0,0,4500,35.170557,128.1301872,0,0,0
429,HUB roastery&bakery,충무공동,경남 진주시 에나로 101 골든비즈니스호텔상가 101호,월~일 10:00 ~ 22:00,,/public/cafe/충무공동/HUB roastery & bakery.jpg,0,0,0,0,0,1,0,1,4500,35.1778187,128.1404382,0,0,0
430,달나라토끼,충무공동,경남 진주시 사들로 83 102호,월~일 09:00 ~ 21:00,,/public/cafe/충무공동/달나라토끼.jpg,0,0,0,0,0,0,0,1,4500,35.1752546,128.1488569,0,0,0
431,댄싱타이거,충무공동,경남 진주시 영천강로35번길 5-36 1층,화~일 11:00 ~ 19:00,월,/public/cafe/충무공동/댄싱타이거.jpg,0,0,0,0,0,0,0,0,4000,35.1665004,128.1345153,0,0,0
432,동네커피 진주혁신점,충무공동,경남 진주시 에나로175번길 12 센트럴시티3단지 상가동 1층 동네커피 진주혁신점,월~토 10:00 ~ 22:00 / 일 10:00 ~ 18:00,,/public/cafe/충무공동/동네커피 진주혁신점.jpg,1,0,0,0,1,0,1,1,3000,35.1734926,128.1450471,0,0,0
433,롤링핀 진주혁신도시점,충무공동,경남 진주시 에나로127번길 30,월~일 08:30 ~ 21:30,,/public/cafe/충무공동/롤링핀 진주혁신도시점.jpg,0,0,0,0,0,0,1,0,4500,35.1806194,128.1439475,0,0,0
434,미드테이블 진주점,충무공동,경남 진주시 영천강로68번길 12 (충무공동) 1층 미드테이블,월~일 10:30 ~ 20:30,,/public/cafe/충무공동/미드테이블 진주점.jpg,0,1,0,0,1,0,0,0,4000,35.1694129,128.1379639,0,0,0
435,베러먼데이 진주혁신라온시티점,충무공동,경남 진주시 에나로128번길 29 107호,월~금 08:00 ~ 22:00 / 토~일 09:00 ~ 21:00,,/public/cafe/충무공동/베러먼데이 진주혁신라온시티점.jpg,0,0,0,0,1,0,1,0,2000,35.1763639,128.1447843,0,0,0
436,블루샥 진주혁신점,충무공동,경남 진주시 충의로 20-4 MS타워 103호,월~일 09:00 ~ 21:30,,/public/cafe/충무공동/블루샥 진주혁신점.jpg,1,0,0,0,1,0,1,1,2500,35.1762867,128.1470944,0,0,0
437,스타벅스 진주혁신도시점,충무공동,경남 진주시 에나로127번길 30,월~목 07:00 ~ 22:00 / 금~일 07:00 ~ 23:00,,/public/cafe/충무공동/스타벅스 진주혁신도시점.jpg,0,0,0,0,0,0,1,0,4500,35.1806194,128.1439475,0,0,0
438,시골하우스 본점,충무공동,경남 진주시 에나로127번길 30,화~금 11:00 ~ 18:00 / 토 10:00 ~ 16:30,월/ 일,/public/cafe/충무공동/시골하우스 본점.jpg,0,0,0,0,0,0,0,1,10000,35.1806194,128.1439475,0,0,0
439,심콩102,충무공동,경남 진주시 충의로 119 아슬란몰 C동 102호,월~토 09:00 ~ 21:30 / 일 09:00 ~ 20:00,4번째 월,/public/cafe/충무공동/심콩102.jpg,0,0,0,0,1,1,0,1,4000,35.1744933,128.1531704,0,0,0
440,언프레임,충무공동,경남 진주시 범골로37번길 1,월~일 11:00 ~ 22:00,,/public/cafe/충무공동/언프레임.jpg,1,0,0,0,0,1,0,1,4500,35.1685014,128.1294202,0,0,0
441,용주,충무공동,경남 진주시 범골로37번길 33-14 1층 일부(충무공동),화~일 11:00 ~ 21:00,월,/public/cafe/충무공동/용주.jpg,1,1,0,0,0,1,0,0,4800,35.1703445,128.1306595,0,0,0
442,인앤아웃카페,충무공동,경남 진주시 범골로25번길 11-5 1층 in.n.out_cafe,월~금 10:00 ~ 20:00 / 토 11:00 ~ 20:00,일,/public/cafe/충무공동/인앤아웃카페.jpg,1,0,0,0,0,1,0,1,4500,35.1673311,128.1276421,0,0,0
443,커피플라워 혁신 미인점,충무공동,경남 진주시 에나로128번길 21 1층 커피플라워 미인점,월~일 09:00 ~ 22:00,,/public/cafe/충무공동/커피플라워 혁신 미인점.jpg,1,0,0,0,0,0,1,1,4800,35.1762595,128.1441916,0,0,0
444,킹덤,충무공동,경남 진주시 영천강로68번길 28 영천강로 68번길 28,화~일 10:30 ~ 19:00,월,/public/cafe/충무공동/킹덤.jpg,1,0,0,0,0,1,0,1,6000,35.170138,128.1395937,0,0,0
445,텐퍼센트커피 진주혁신점,충무공동,경남 진주시 충의로 20-21,월~일 08:00 ~ 22:00,,/public/cafe/충무공동/텐퍼센트커피 진주혁신점.jpg,0,0,0,0,0,0,0,0,2000,35.1753898,128.1483236,0,0,0
446,투썸플레이스 진주혁신로데오점,충무공동,경남 진주시 충의로 20-4,월~금 08:00 ~ 24:00 / 토~일 10:00 ~ 24:00,,/public/cafe/충무공동/투썸플레이스 진주혁신로데오점.jpg,0,0,0,0,0,0,1,0,4100,35.1762867,128.1470944,0,0,0
447,팔공티 진주혁신점,충무공동,경남 진주시 에나로127번길 30 드림어반스퀘어 1층 팔공티 진주혁신점,월~화 10:00 ~ 22:00 / 수~금 09:30 ~ 22:00 / 토~일 09:00 ~ 22:00,,/public/cafe/충무공동/팔공티 진주혁신점.jpg,0,0,0,0,1,0,1,1,1500,35.1806194,128.1439475,0,0,0
448,할리스 진주혁신도시점,충무공동,경남 진주시 에나로128번길 24 윤현빌딩 1층,월~일 09:00 ~ 23:00,,/public/cafe/충무공동/할리스 진주혁신도시점.jpg,0,0,0,0,0,0,1,0,10000,35.1757989,128.1440613,0,0,0
449,허니타임 진주혁신점,충무공동,경남 진주시 에나로127번길 30,월~일 11:00 ~ 21:00,,/public/cafe/충무공동/허니타임 진주혁신점.jpg,1,0,0,0,1,0,0,1,3000,35.1806194,128.1439475,0,0,0
450,32온스 커피,칠암동,경남 진주시 강남로167번길 8-1,월~금 11:30~19:30 / 토~일 11:00~20:00,,/public/cafe/logo.png,0,0,0,1,1,0,0,1,2000,35.183102,128.0948104,0,0,0
451,CAFE&BOOK,칠암동,경남 진주시 동진로38번길 3-2 102호,월~일 11:30~21:30,,/public/cafe/칠암동/CAFE&BOOK.jpg,0,0,0,0,0,0,0,1,2800,35.1786541,128.0956602,0,0,0
452,Cafe봄봄,칠암동,경남 진주시 진주대로 872-10,월~일 9:00~22:30,,/public/cafe/logo.png,0,0,0,0,0,0,0,0,10000,35.1781512,128.0924972,0,0,0
453,TDA,칠암동,경남 진주시 진주대로 986,월~일 12:00~19:00,,/public/cafe/칠암동/TDA.jpg,1,0,0,0,0,0,0,0,6200,35.1879526,128.0868572,0,0,0
454,가향,칠암동,경남 진주시 강남로201번길 5-1,월~일 10:00~22:00,,/public/cafe/칠암동/가향.jpg,0,0,0,0,0,0,0,0,10000,35.1856254,128.093147,0,0,0
455,공차 진주과기대점,칠암동,경남 진주시 동진로 25 1층,월~일 10:00~23:00,,/public/cafe/칠암동/공차 진주과기대점.jpg,0,0,0,0,0,1,0,1,3700,35.1791571,128.0937597,0,0,0
456,까미노,칠암동,경남 진주시 동진로 54,,,/public/cafe/logo.png,0,0,0,1,0,0,1,0,10000,35.1788337,128.096984,0,0,0
457,나우커피 진주칠암점,칠암동,경남 진주시 동진로20번길 15 1층,24시간 영업,,/public/cafe/칠암동/나우커피 진주칠암점.jpg,0,0,0,0,0,0,1,0,1900,35.1777237,128.0937313,0,0,0
458,더벤티 진주과기대점,칠암동,경남 진주시 진주대로 868 1층,월~일 7:30~22:00,,/public/cafe/logo.png,0,0,0,0,0,0,1,0,1800,35.1780521,128.0919533,0,0,0
459,더웨이닝커피 진주바른병원점,칠암동,경남 진주시 동진로 7 바른병원 1층,,,/public/cafe/logo.png,0,0,0,0,0,0,1,0,10000,35.1791786,128.091731,0,0,0
460,던킨 진주칠암점,칠암동,경남 진주시 진주대로 888 아이비타워 Ⅱ 빌딩,월~금 7:30~21:00 / 토~일 10:00~20:00,,/public/cafe/칠암동/던킨 진주칠암점.jpg,1,0,0,0,1,0,1,0,3700,35.1797956,128.0910743,0,0,0
461,동네커피 칠암점,칠암동,경남 진주시 진주대로 918-1 동네커피 칠암점,월~일 10:00~22:00,,/public/cafe/칠암동/동네커피 칠암점.jpg,0,0,0,0,1,1,0,0,3000,35.18226,128.0898216,0,0,0
462,라그릭,칠암동,경남 진주시 강남로167번길 30,월~금 11:00~19:30 / 토~일 11:00~18:00,,/public/cafe/칠암동/라그릭.jpg,1,0,0,0,0,0,0,0,4000,35.1824397,128.0927864,0,0,0
463,라니네디저트,칠암동,경남 진주시 진주대로920번길 21 라니네디저트,월~일 10:00~19:00,토~일,/public/cafe/칠암동/라니네디저트.jpg,1,0,0,0,0,0,0,0,4000,35.1831205,128.0915364,0,0,0
464,레이지독,칠암동,경남 진주시 진주대로908번길 17-6 1층,월~금 8:00~19:00,,/public/cafe/칠암동/레이지독.jpg,1,0,0,0,1,0,0,0,3500,35.1824237,128.09166,0,0,0
465,루트531,칠암동,경남 진주시 강남로151번길 3 1층,월~일 12:00~22:00,,/public/cafe/칠암동/루트531.jpg,0,0,0,0,0,0,0,0,3800,35.1816217,128.096135,0,0,0
466,림메이크,칠암동,경남 진주시 강남로167번길 22 1층,월~토 12:00~21:00 / 일 14:00~18:00,월,/public/cafe/logo.png,1,1,0,0,0,0,0,1,10000,35.1826758,128.0934728,0,0,0
467,마망구떼,칠암동,경남 진주시 강남로 169,화~일 11:00~21:00,,/public/cafe/칠암동/마망구떼.jpg,0,0,0,0,0,0,1,0,4000,35.1832987,128.0954554,0,0,0
468,메가MGC커피 진주칠암점,칠암동,경남 진주시 진주대로 888,월~금 8:00~20:00 / 토~일 8:00~18:00,일,/public/cafe/logo.png,1,0,0,0,0,0,0,0,2500,35.1797956,128.0910743,0,0,0
469,목요일 오후 네 시,칠암동,경남 진주시 강남로247번길 6-1 1층,월~토 12:00~20:00,,/public/cafe/칠암동/목요일 오후 네 시.jpg,1,1,0,0,1,0,0,0,4500,35.1878674,128.0899935,0,0,0
470,미뇽,칠암동,경남 진주시 강남로 189 1층,월~일 12:00~22:00,토,/public/cafe/칠암동/미뇽.jpg,0,1,0,0,0,0,0,1,4500,35.1847666,128.0942719,0,0,0
471,바른주스,칠암동,경남 진주시 강남로 79 경상대학교병원 관절센터1층,월~금 7:30~19:30 / 일 10:00~16:00,,/public/cafe/logo.png,0,0,0,0,0,0,1,0,3500,35.1764353,128.0956934,0,0,0
472,배스킨라빈스 진주과학기술대,칠암동,경남 진주시 동진로 36-1,월~일 10:00~23:00,일,/public/cafe/칠암동/배스킨라빈스 진주과학기술대.jpg,1,0,0,0,0,0,0,0,10000,35.1787516,128.0950777,0,0,0
473,베리유,칠암동,경남 진주시 동진로50번길 5,월~금 11:00~20:00 / 토 11:00~18:00,,/public/cafe/logo.png,0,0,0,0,0,0,0,0,10000,35.1785979,128.0966682,0,0,0
474,벨라빈스 경상대병원점,칠암동,경남 진주시 동진로20번길 21,월~금 8:00~23:00 / 토~일 10:00~22:30,,/public/cafe/logo.png,1,0,0,0,0,0,0,0,10000,35.1778714,128.0942785,0,0,0
475,블루포트 경상대학교병원점,칠암동,경남 진주시 강남로 79,월~금 8:00~18:00 / 토~일 8:00~17:00,,/public/cafe/logo.png,1,0,0,0,0,0,0,0,3000,35.1771423,128.0953898,0,0,0
476,블루포트경남과학기술대학교점,칠암동,경남 진주시 동진로 33,,일,/public/cafe/logo.png,0,0,0,0,0,0,0,0,10000,35.182152,128.094822,0,0,0
477,블룸앤라떼,칠암동,경남 진주시 동진로38번길 18,월~토 10:00~21:00,월,/public/cafe/logo.png,1,0,0,0,0,0,0,1,3500,35.1783911,128.0964101,0,0,0
478,빌레이커리집,칠암동,경남 진주시 강남로201번길 25 1층,화~일 11:00~21:00,,/public/cafe/칠암동/빌레이커리집.jpg,0,0,0,1,0,0,1,0,4000,35.1850644,128.0912974,0,0,0
479,빽다방 진주과기대점,칠암동,경남 진주시 동진로 21,월~일 8:00~21:00,일~월,/public/cafe/칠암동/빽다방 진주과기대점.jpg,1,0,0,0,0,0,0,0,2000,35.1790955,128.0933299,0,0,0
480,세렌디피티,칠암동,경남 진주시 동진로50번길 12 1층,월~금 9:30~23:00 / 토 12:00~18:00,일,/public/cafe/칠암동/세렌디피티.jpg,1,0,0,0,0,0,0,0,3500,35.1781548,128.096589,0,0,0
481,소소공간,칠암동,경남 진주시 진주대로954번길 11 102호,월~금 11:00~19:00 / 토 10:00~17:00,토~일,/public/cafe/logo.png,1,0,0,0,0,0,0,0,10000,35.1856789,128.0892185,0,0,0
482,소확행,칠암동,경남 진주시 진주대로920번길 22 1층,월~금 11:00~22:00,,/public/cafe/logo.png,1,0,0,0,0,0,0,0,5000,35.1828492,128.0917003,0,0,0
483,쉼,칠암동,경남 진주시 강남로 101,,,/public/cafe/logo.png,0,0,0,0,0,0,1,0,10000,35.1775785,128.097253,0,0,0
484,스무디킹 이마트24R진주과기대점,칠암동,경남 진주시 강남로167번길 14,24시간 영업,,/public/cafe/logo.png,0,0,0,0,0,0,1,0,10000,35.1829578,128.0943217,0,0,0
485,스타벅스 경상대칠암캠퍼스점,칠암동,경남 진주시 동진로 22,월~일 7:00~22:00,,/public/cafe/칠암동/스타벅스 경상대칠암캠퍼스점.jpg,0,0,0,1,1,0,1,1,4500,35.1785249,128.0936232,0,0,0
486,아몽즈커피 진주칠암점,칠암동,경남 진주시 진주대로908번길 11 1층 2호,월~일 8:00~20:00,,/public/cafe/칠암동/아몽즈커피 진주칠암점.jpg,0,0,0,0,0,0,0,0,2000,35.1817825,128.090822,0,0,0
487,아파토커피,칠암동,경남 진주시 강남로227번길 17,,화,/public/cafe/칠암동/아파토커피.jpg,0,0,0,0,0,0,0,0,3500,35.1868527,128.090274,0,0,0
488,안녕 그루담,칠암동,경남 진주시 진주대로960번길 18 1층,수~일 11:00~21:00,,/public/cafe/logo.png,0,0,0,0,0,1,0,0,3500,35.1861137,128.0895441,0,0,0
489,엠스커피,칠암동,경남 진주시 진주대로920번길 13,,,/public/cafe/logo.png,0,0,0,0,0,0,0,0,3500,35.1828826,128.090759,0,0,0
490,오유 케이크,칠암동,경남 진주시 진주대로920번길 5-6,월~일 11:00~19:00,일~월,/public/cafe/logo.png,0,0,0,0,0,0,0,0,3500,35.1829248,128.0899804,0,0,0
491,올키베이커리,칠암동,경남 진주시 진주대로930번길 5 올키베이커리,화~토 11:00~19:00,,/public/cafe/칠암동/올키베이커리.jpg,0,0,0,0,0,0,0,0,3000,35.18340996,128.0895104,0,0,0
492,와플칸 과기대점,칠암동,경남 진주시 동진로 40,월~금 10:00~21:00,,/public/cafe/logo.png,1,0,0,0,0,0,0,0,2000,35.1788223,128.0955088,0,0,0
493,우두두,칠암동,경남 진주시 진주대로908번길 21 1층,월~일 11:00~20:00,,/public/cafe/칠암동/우두두.jpg,0,0,0,0,0,0,0,0,2500,35.18214756,128.0920761,0,0,0
494,우주라이크커피 진주칠암점,칠암동,경남 진주시 진주대로908번길 4,월~금 8:00~22:00 / 토~일 10:00~22:00,,/public/cafe/칠암동/우주라이크커피 진주칠암점.jpg,0,0,0,0,0,0,0,0,2800,35.18132584,128.0902456,0,0,0
495,이너웨이브커피,칠암동,경남 진주시 진주대로920번길 22 1층,월~일 11:00~22:00,,/public/cafe/칠암동/이너웨이브커피.jpg,0,0,0,0,0,0,1,0,4500,35.18288562,128.0916881,0,0,0
496,이디야커피 경남과기대점,칠암동,경남 진주시 강남로167번길 10,월~일 10:00~20:30,,/public/cafe/logo.png,0,0,0,0,1,0,1,0,3200,35.1830681,128.0947087,0,0,0
497,자연담은이야기,칠암동,경남 진주시 강남로201번길 12,,,/public/cafe/logo.png,0,0,0,0,0,0,0,0,4500,35.18563666,128.0924577,0,0,0
498,제이제이카파로스터스 예술회관점,칠암동,경남 진주시 강남로 215,,,/public/cafe/logo.png,1,0,0,0,0,0,0,0,10000,35.18673495,128.0921018,0,0,0
499,조타커피 JOKER 칠암점,칠암동,경남 진주시 진주대로 960,,,/public/cafe/logo.png,0,0,0,1,0,0,0,0,1500,35.18570869,128.0879602,0,0,0
500,쥬씨JUICY칠암점,칠암동,경남 진주시 동진로20번길 15,월~일 9:00~21:00,,/public/cafe/logo.png,0,0,0,0,0,0,1,0,1000,35.17770963,128.0937155,0,0,0
501,처프트,칠암동,경남 진주시 강남로201번길 9 처프트,월~일 11:00~21:30,,/public/cafe/칠암동/처프트.jpg,0,0,0,0,1,1,0,0,4000,35.18559229,128.0928798,0,0,0
502,천씨씨커피 과기대점,칠암동,경남 진주시 동진로 29,,,/public/cafe/logo.png,1,0,0,0,0,0,1,0,1500,35.17912999,128.094374,0,0,0
503,카르페디엠J,칠암동,경남 진주시 강남로177번길 9,24시간 영업,,/public/cafe/logo.png,0,0,0,0,0,1,0,0,1700,35.18361367,128.0941569,0,0,0
504,카페 9월생,칠암동,경남 진주시 동진로34번길 3 2층 카페,월~토 11:00~22:00,일,/public/cafe/logo.png,1,0,0,0,0,0,0,0,10000,35.1786439,128.0950536,0,0,0
505,카페 칠암동,칠암동,경남 진주시 강남로201번길 1 1층/2층,월~일 12:00~22:00,,/public/cafe/칠암동/카페 칠암동.jpg,1,1,0,0,1,1,0,1,4000,35.18572343,128.0935786,0,0,0
506,카페만나,칠암동,경남 진주시 진주대로920번길 12-9 2층,월~토 `12:00~21:00,일,/public/cafe/칠암동/카페만나.png,1,0,0,0,0,0,0,0,4500,35.18239983,128.091086,0,0,0
507,카페봄봄과기대점,칠암동,경남 진주시 동진로34번길 6,월~금 9:00~22:00 / 토~일 10:00~21:30,,/public/cafe/logo.png,0,0,0,0,0,0,1,0,1300,35.17846969,128.0948839,0,0,0
508,카페비상,칠암동,경남 진주시 강남로189번길 27-3,,,/public/cafe/칠암동/카페비상.jpg,0,0,0,0,0,0,0,0,4000,35.18384994,128.0919452,0,0,0
509,카페율,칠암동,경남 진주시 진주대로930번길 13 정암빌딩 1층,월~금 12:00~22:00 / 일 12:00~21:00,토,/public/cafe/logo.png,1,0,0,0,0,1,0,1,3500,35.18368555,128.0901838,0,0,0
510,카페테리아 모디,칠암동,경남 진주시 동진로 42 1층,화~목 12:00~12:00 / 금~토 12:00~24:00,일 / 월,/public/cafe/칠암동/카페테리아 모디.jpg,1,1,0,0,1,0,0,0,4500,35.17878264,128.0956592,0,0,0
511,카페파머스 진주칠암점,칠암동,경남 진주시 강남로 187 아이비웨딩홀 1층,월~일 9:00~23:00,,/public/cafe/logo.png,0,0,0,0,0,1,0,0,3600,35.18461116,128.0944832,0,0,0
512,커피303,칠암동,경남 진주시 진주대로 954,,,/public/cafe/logo.png,0,0,0,0,0,0,0,0,10000,35.18528759,128.0881824,0,0,0
513,커피수레,칠암동,경남 진주시 동진로49번길 7,월~금 10:30~23:00,토 / 일,/public/cafe/logo.png,1,0,0,0,1,1,0,0,4000,35.17963813,128.0962388,0,0,0
514,컴포즈커피 진주칠암점,칠암동,경남 진주시 동진로20번길 21-7,월~일 9:00~22:00,,/public/cafe/logo.png,0,0,0,0,1,0,0,0,1500,35.17829948,128.0942696,0,0,0
515,코모커피 경상대병원점,칠암동,경남 진주시 강남로95번길 24,,,/public/cafe/logo.png,0,0,0,0,0,0,0,0,2200,35.17803866,128.0954544,0,0,0
516,코피치 COFFICH,칠암동,경남 진주시 동진로20번길 15 1층 코피치,월~금 7:30~22:00 / 토~일 10:00~22:00,,/public/cafe/칠암동/코피치 COFFICH.jpg,1,0,0,0,1,0,0,0,1500,35.1777027,128.0937347,0,0,0
517,콕스웨인커피,칠암동,경남 진주시 강남로167번길 8 1층,월~금 10:30~22:00 / 토 10:30~20:00,일,/public/cafe/logo.png,1,0,0,0,0,1,0,1,3200,35.18313994,128.0949657,0,0,0
518,토토로디저트카페,칠암동,경남 진주시 진주대로920번길 14,,,/public/cafe/logo.png,1,0,0,0,0,0,0,0,3000,35.18263134,128.0908997,0,0,0
519,파리바게뜨 진주과기대점,칠암동,경남 진주시 진주대로 878 1층,월~토 7:30~23:00 / 일 8:30~23:00,,/public/cafe/logo.png,0,0,0,0,0,0,1,0,3700,35.17901645,128.0914744,0,0,0
520,퍼시먼,칠암동,경남 진주시 강남로255번길 3 1층,수~월 12:00~20:00,화,/public/cafe/칠암동/퍼시먼.jpg,0,0,0,0,0,1,0,1,4000,35.18820063,128.0892313,0,0,0
521,프라하커피,칠암동,경남 진주시 동진로20번길 29 2층,월~금 8:30~22:00 / 토~일 11:00~22:00,,/public/cafe/logo.png,0,0,0,0,0,0,0,0,1300,35.17807026,128.0949499,0,0,0
522,프레커피,칠암동,경남 진주시 진주대로966번길 20-5,화~금 12:00~20:00,토 / 월,/public/cafe/칠암동/프레커피.jpg,0,0,0,0,1,1,0,1,3400,35.18642321,128.0896879,0,0,0
523,하삼동커피 칠암점,칠암동,경남 진주시 동진로 22 106호 하삼동커피,월~금 8:00~22:00 / 토~일 10:00~22:00,,/public/cafe/logo.png,0,0,0,0,0,0,1,0,2000,35.17851924,128.0936386,0,0,0
524,희망커피,칠암동,경남 진주시 진주대로 894-13 메르디앙 1층 희망커피,월~금 9:30~17:30,토 / 일,/public/cafe/칠암동/희망커피.jpg,0,1,0,0,0,1,0,1,1500,35.18043543,128.0910378,0,0,0
525,히얼,칠암동,경남 진주시 진주대로930번길 10-1 2층,화~일 11:00~21:00,월,/public/cafe/칠암동/히얼.jpg,1,1,0,0,0,1,0,0,4500,35.18339133,128.0900783,0,0,0
526,거북이커피,판문동,경남 진주시 진양호로 17 1층,화~금 09:00 ~ 19:00 / 토~일 10:00 ~ 19:00,월,/public/cafe/판문동/거북이커피.jpg,1,1,0,0,0,0,0,1,3500,35.1677412,128.0418296,0,0,0
527,들림,판문동,경남 진주시 판문로 239,월/ 수~일 11:00 ~ 22:00,화,/public/cafe/판문동/들림.jpg,0,0,0,0,0,1,0,1,4000,35.18776594,128.0386129,0,0,0
528,마켓진양호,판문동,경남 진주시 남강로1번길 104-3,월~일 11:00 ~ 21:00,,/public/cafe/판문동/마켓진양호.jpg,0,1,0,0,0,0,0,1,6000,35.17464709,128.0358309,0,0,0
529,메종B 커피&베이커리,판문동,경남 진주시 판문로 78-11,월~금 11:00 ~ 21:30 / 토~일 10:30 ~ 22:30,,/public/cafe/판문동/메종B 커피&베이커리.jpg,0,0,0,0,0,1,0,1,5500,35.17425498,128.0447558,0,0,0
530,진경양지,판문동,경남 진주시 남강로1번길 105-54,월~일 10:00 ~ 22:00,,/public/cafe/판문동/진경양지.jpg,1,0,0,0,0,1,0,1,5000,35.17481027,128.0336101,0,0,0
531,진양호아천북카페,판문동,경남 진주시 남강로1번길 105-12,,,/public/cafe/판문동/진양호아천북카페.jpg,0,0,0,0,0,0,0,0,10000,35.17482733,128.034516,0,0,0
532,차분히커피part2,판문동,경남 진주시 진양호로 75,월~일 12:00 ~ 23:00,,/public/cafe/판문동/차분히커피part2.jpg,0,1,0,0,0,0,0,0,4000,35.16720212,128.0481614,0,0,0
533,카페마실,판문동,경남 진주시 예술촌길 12,월/ 화~일 11:00 ~ 21:00,화,/public/cafe/판문동/카페마실.jpg,0,0,0,0,0,0,0,1,4000,35.18939931,128.0363475,0,0,0
534,커피플라워,판문동,경남 진주시 남강로 36,월~일 10:00 ~ 22:00,,/public/cafe/판문동/커피플라워.jpg,0,0,0,0,0,1,1,1,4800,35.16490868,128.0392252,0,0,0
535,honest bread,평거동,경남 진주시 평거로9번길 12,월~토 09:00 ~ 20:00,일,/public/cafe/평거동/honest bread.jpg,0,0,0,0,0,0,0,0,10000,35.17271386,128.0621014,0,0,0
536,골든크루아상마카롱,평거동,경남 진주시 새들말로 26,화~일 10:00~21:00,월,/public/cafe/평거동/골든크루아상마카롱.jpg,0,0,0,0,1,0,0,0,3500,35.16626353,128.0573774,0,0,0
537,그로운업,평거동,경남 진주시 새들말로 42-11,월~일 11:30 ~ 22:00,,/public/cafe/평거동/그로운업.jpg,0,0,0,0,0,0,0,0,4000,35.16659596,128.0595604,0,0,0
538,달넛,평거동,경남 진주시 새들말로 56-12,화~일 11:30 ~ 19:00,월,/public/cafe/평거동/달넛.jpg,0,0,0,0,1,0,0,0,4500,35.16733546,128.0605414,0,0,0
539,동네커피,평거동,경남 진주시 새들말로 34-4,월~토 10:00 ~ 22:00 / 일 10:00 ~ 19:00,,/public/cafe/평거동/동네커피.jpg,1,0,0,0,1,0,1,0,3500,35.16651635,128.0580996,0,0,0
540,디저트39 진주평거점,평거동,경남 진주시 평거로 11,월~목/ 일 10:00 ~ 24:00 / 금~토 10:00 ~01:00,,/public/cafe/평거동/디저트39 진주평거점.jpg,0,0,0,0,1,0,1,1,2900,35.17201755,128.0628771,0,0,0
541,롤링핀 경남진주평거점,평거동,경남 진주시 남강로309번길 20,월~일 08:30 ~ 21:30,,/public/cafe/평거동/롤링핀 경남진주평거점.jpg,0,0,0,0,0,0,1,0,10000,35.16931537,128.0624221,0,0,0
542,르망로스터스,평거동,경남 진주시 새들말로 54,월~일 12:00 ~ 22:00,,/public/cafe/평거동/르망로스터스.jpg,1,0,0,0,0,1,0,0,5000,35.16791524,128.059948,0,0,0
543,르브뤼셀 진주,평거동,경남 진주시 진양호로44번길 23-25,월~일 09:00 ~ 21:00,,/public/cafe/평거동/르브뤼셀 진주.jpg,0,0,0,0,0,1,0,1,4500,35.16651379,128.0485477,0,0,0
544,사오 진주점,평거동,경남 진주시 남강로309번길 48,월~금 11:00 ~ 22:00 / 토~일 10:00 ~ 22:00,,/public/cafe/평거동/사오 진주점.jpg,0,0,0,0,1,0,0,0,2500,35.17131325,128.0604531,0,0,0
545,수호,평거동,경남 진주시 남강로17번길 5-17,월/ 수~일 11:00 ~ 24:00,화,/public/cafe/평거동/수호.jpg,0,0,0,0,0,1,0,1,3500,35.16731261,128.0408363,0,0,0
546,스타벅스 진주평거점,평거동,경남 진주시 진양호로 206,월~일 07:00~22:00,,/public/cafe/평거동/스타벅스 진주평거점.jpg,0,0,0,0,0,0,1,1,4500,35.17251746,128.0600846,0,0,0
547,썰스티펭귄,평거동,경남 진주시 새들말로 56-10,월/ 수~일 12:10 ~ 21:00,화,/public/cafe/평거동/썰스티펭귄.jpg,0,0,0,0,1,1,0,0,4200,35.16743333,128.0604302,0,0,0
548,연정주택,평거동,경남 진주시 진양호로28번길 39-10,월/ 수~일 09:00 ~ 17:00,화,/public/cafe/평거동/연정주택.jpg,0,0,0,0,0,1,0,0,4500,35.16570952,128.0451404,0,0,0
549,읍천리382 진주평거점,평거동,경남 진주시 진양호로 227,월~금 08:00 ~ 22:00 / 토~일 10:00 ~ 22:00,,/public/cafe/평거동/읍천리382 진주평거점.jpg,0,0,0,0,1,0,1,1,3500,35.17457506,128.0610718,0,0,0
550,이용규베커라이,평거동,경남 진주시 신평공원길 37-1,월~토 11:00 ~ 21:00,일,/public/cafe/평거동/이용규베커라이.jpg,0,0,0,0,1,1,0,1,10000,35.17217135,128.0671683,0,0,0
551,카페옴마,평거동,경남 진주시 진양호로84번길 6-1,월~금 10:00 ~ 21:00 / 토 11:00 ~ 21:00 / 일 11:00 ~ 17:00,,/public/cafe/평거동/카페옴마.jpg,0,0,0,0,0,1,0,1,3500,35.16651278,128.0489236,0,0,0
552,커피몽드,평거동,경남 진주시 평거로5번길 18,월~일 13:00 ~ 23:00,,/public/cafe/평거동/커피몽드.jpg,1,0,0,0,0,0,0,0,4000,35.17283,128.061447,0,0,0
553,토토로의 숲 힐링카페 평거동점,평거동,경남 진주시 새들말로68번길 5,월~토 11:00 ~ 22:00 / 일 11:00 ~ 21:00,2/4번째 수,/public/cafe/평거동/토토로의 숲 힐링카페 평거동점.jpg,1,0,0,0,0,1,0,1,4500,35.16841042,128.0612963,0,0,0
554,파브커피,평거동,경남 진주시 진양호로44번길 45,월~수/ 금~일 11:00 ~ 22:00,목,/public/cafe/평거동/파브커피.jpg,1,0,0,0,0,0,0,1,4500,35.16510207,128.0479012,0,0,0
555,페레그리노,평거동,경남 진주시 남강로29번길 19,월~일 09:00 ~ 21:00,,/public/cafe/평거동/페레그리노.jpg,1,1,0,0,0,1,0,0,4500,35.16565407,128.041899,0,0,0
556,프로젝트서믿츠,평거동,경남 진주시 새들말로 56-8,월~일 11:30 ~ 22:00,,/public/cafe/logo.png,0,0,0,0,0,1,0,0,4500,35.16753575,128.0603135,0,0,0
557,플러피하우스,평거동,경남 진주시 신평공원길 27,화~일 12:00 ~ 20:00,월,/public/cafe/평거동/플러피하우스.jpg,0,1,0,0,1,0,0,0,4000,35.17139368,128.0664337,0,0,0
558,구스띠모 갤러리아백화점 진주점,평안동,경남 진주시 진주대로 1095 지하 1층,,,/public/cafe/logo.png,0,0,0,0,0,0,0,0,10000,35.19668272,128.0823502,0,0,0
559,그집커피,평안동,경남 진주시 향교로 6,월~토 11:30~20:30,일,/public/cafe/평안동/그집커피.jpg,0,0,0,0,0,0,0,0,4500,35.19726204,128.0833324,0,0,0
560,나따오비까 갤러리아백화점 진주점,평안동,경남 진주시 진주대로 1095 지하 1층,,,/public/cafe/logo.png,1,0,0,0,0,0,0,0,3300,35.19668272,128.0823502,0,0,0
561,더웨이브,평안동,경남 진주시 촉석로201번길 8-1,,,/public/cafe/logo.png,1,0,0,0,0,0,0,0,4000,35.19655341,128.0839598,0,0,0
562,던킨 진주인벤스점,평안동,경남 진주시 향교로 3 롯데인벤스,월~일 8:00~21:30,,/public/cafe/logo.png,0,0,0,0,0,0,1,0,3700,35.1977336,128.0830093,0,0,0
563,디저트39 진주갤러리아점,평안동,경남 진주시 진주대로 1095 갤러리아백화점 2층,,,/public/cafe/logo.png,0,0,0,0,0,0,1,0,2900,35.19668272,128.0823502,0,0,0
564,로스팅하우스8,평안동,경남 진주시 진주대로 1095 8층,월~일 10:30~20:00,,/public/cafe/logo.png,0,0,0,0,0,0,0,1,3500,35.19668272,128.0823502,0,0,0
565,룰루요거트 갤러리아진주점,평안동,경남 진주시 진주대로 1095 진주갤러리아백화점 지하1층,,,/public/cafe/logo.png,1,0,0,0,0,0,0,0,10000,35.19668272,128.0823502,0,0,0
566,마리웨일237 진주갤러리아점,평안동,경남 진주시 진주대로 1095 지하 1층,,,/public/cafe/logo.png,0,0,0,0,0,0,0,0,3800,35.19668272,128.0823502,0,0,0
567,마미갸또 갤러리아백화점진주점,평안동,경남 진주시 진주대로 1095,,,/public/cafe/logo.png,0,0,0,0,0,0,0,0,10000,35.19668272,128.0823502,0,0,0
568,밀레다임커피,평안동,경남 진주시 진주대로1087번길 3 1층 밀레다임커피,월~일 10:00~22:00,,/public/cafe/평안동/밀레다임커피.jpg,1,0,0,0,0,1,0,0,4500,35.19633691,128.0827217,0,0,0
569,반반스프링스,평안동,경남 진주시 촉석로185번길 6-1,일~월 10:00~3:00 / 금~토 10:00~4:00,,/public/cafe/평안동/반반스프링스.jpg,0,0,0,0,0,0,1,0,3900,35.19576199,128.0822557,0,0,0
570,범산목장 갤러리아진주점,평안동,경남 진주시 진주대로 1095 7층,,,/public/cafe/logo.png,0,0,0,0,0,0,0,0,10000,35.19668272,128.0823502,0,0,0
571,스토어,평안동,경남 진주시 진주대로 1104 1층,화~일 10:00~22:00,월,/public/cafe/logo.png,0,0,0,0,0,0,0,0,3500,35.19724014,128.0820008,0,0,0
572,앤티앤스 갤러리아백화점 진주점,평안동,경남 진주시 진주대로 1095 지하1층 앤티앤스프레즐,,,/public/cafe/logo.png,0,0,0,0,0,0,0,0,10000,35.19668272,128.0823502,0,0,0
573,엔드라커피,평안동,경남 진주시 촉석로185번길 10,월~일 10:30~22:00,,/public/cafe/평안동/엔드라커피.jpg,0,0,0,0,0,0,0,0,4500,35.1959725,128.0821487,0,0,0
574,카라제벅스,평안동,경남 진주시 향교로 3,,,/public/cafe/logo.png,0,0,0,0,0,0,0,0,10000,35.1977336,128.0830093,0,0,0
575,카페 오라클,평안동,경남 진주시 진주대로1108번길 4,월~일 12:00~23:00,,/public/cafe/logo.png,1,0,0,0,0,0,0,0,3300,35.19722354,128.0818414,0,0,0
576,카페봄봄 진주대안점,평안동,경남 진주시 촉석로185번길 12-1 1층 카페 봄봄,월~일 9:00~21:00,,/public/cafe/평안동/카페봄봄 진주대안점.jpg,0,0,0,0,0,0,1,0,1300,35.19620705,128.0821243,0,0,0
577,카페텀블러 갤러리아진주점,평안동,경남 진주시 진주대로 1095,,,/public/cafe/logo.png,1,0,0,0,0,0,0,0,10000,35.19668272,128.0823502,0,0,0
578,크림바바 갤러리아진주점,평안동,경남 진주시 진주대로 1095,,,/public/cafe/logo.png,0,0,0,0,0,0,0,0,10000,35.19668272,128.0823502,0,0,0
579,파리베게뜨 진주평안점,평안동,경남 진주시 진주대로 1106,월~일 7:00~23:00,,/public/cafe/평안동/파리베게뜨 진주평안점.jpg,0,0,0,0,0,0,0,0,3700,35.19722726,128.0819292,0,0,0
580,퍼펙트아이스 갤러리아백화점 진주점,평안동,경남 진주시 진주대로 1095,,,/public/cafe/logo.png,1,0,0,0,0,0,0,0,10000,35.19668272,128.0823502,0,0,0
581,피브,평안동,경남 진주시 향교로12번길 4 pib 카페,화~일 10:30~20:00,월,/public/cafe/logo.png,0,0,0,0,0,0,0,0,4500,35.19726753,128.0839776,0,0,0
582,두번째골목,하대동,경남 진주시 모덕로275번길 18 1층,월~토 11:00~22:00,일,/public/cafe/하대동/두번째골목.jpg,1,0,0,0,0,0,0,0,3000,35.1905654,128.1242192,0,0,0
583,마이스코프,하대동,경남 진주시 대신로356번길 12 1층,화~금 10:00~17:00/토~일 10:00~18:00,월,/public/cafe/하대동/마이스코프.jpg,1,0,0,0,1,0,0,1,4500,35.1921809,128.1178352,0,0,0
584,봉선당,하대동,경남 진주시 선학산길 91 1층 102호,월~토 10:30~19:30,일,/public/cafe/하대동/봉선당.jpg,1,0,0,0,1,0,0,1,3500,35.1882489,128.1133536,0,0,0
585,샌디박스,하대동,경남 진주시 도동로248번길 21 1층,월~일 12:00~21:00,,/public/cafe/하대동/샌디박스.jpg,1,0,0,0,0,1,0,0,3800,35.1926566,128.1242419,0,0,0
586,슈크레브,하대동,경남 진주시 상대로 77 1층 101호,월~토 11:00~20:00,일,/public/cafe/logo.png,1,0,0,0,1,0,0,0,2500,35.184571,128.1206015,0,0,0
587,약수정원,하대동,경남 진주시 하대로34번길 11-50,수~월 11:00~20:00,화,/public/cafe/하대동/약수정원.jpg,1,1,0,0,1,1,0,1,4000,35.1900962,128.1106303,0,0,0
588,읍천리382 진주하대점,하대동,경남 진주시 하대로 53,월~금 10:00~22:00/ 토~일 9:00~21:30,,/public/cafe/하대동/읍천리382 진주하대점.jpg,0,0,0,0,1,0,1,0,3500,35.1932211,128.1174171,0,0,0
589,카페코니,하대동,경남 진주시 남강로1413번길 8 청명빌 1층상가,목~화 8:00~19:00,수,/public/cafe/하대동/카페코니.jpg,0,1,0,0,1,0,0,1,3500,35.1870718,128.127917,0,0,0
590,크리스피크림도넛 진주하대점,하대동,경남 진주시 도동로 243,월~일 9:00~22:00,,/public/cafe/하대동/크리스피크림도넛 진주하대점.jpg,0,0,0,0,0,0,1,0,4700,35.1919964,128.121532,0,0,0
591,피베리브라더스,하대동,경남 진주시 도동로 228-1 피베리브라더스,월~일 10:00~23:00,,/public/cafe/하대동/피베리브라더스.png,1,0,0,0,0,1,0,1,5000,35.1906574,128.1222275,0,0,0
592,꼬모커피 호탄점,호탄동,경남 진주시 호탄길21번길 9,,,/public/cafe/logo.png,0,0,0,0,0,0,0,0,10000,35.16315785,128.1152439,0,0,0
593,데이아웃,호탄동,경남 진주시 강변길10번길 7,월/ 수~일 11:00 ~ 21:00,화,/public/cafe/logo.png,1,0,0,0,0,1,0,1,4000,35.16493305,128.1113608,0,0,0
594,로스팅웨어,호탄동,경남 진주시 가호방아길 51-8,월~일 09:00 ~ 22:00,,/public/cafe/호탄동/로스팅웨어.jpg,1,0,0,0,0,1,0,1,5000,35.15709637,128.1186895,0,0,0
595,베럴댄하우스,호탄동,경남 진주시 호탄길22번길 11 1층,,,/public/cafe/호탄동/베럴댄하우스.jpg,1,0,0,0,0,0,0,0,4000,35.16350326,128.1173723,0,0,0
596,봄브,호탄동,경남 진주시 호탄길22번길 5 1층,화~토 11:00 ~ 19:00,월 / 일,/public/cafe/호탄동/봄브.jpg,1,0,0,0,0,0,0,0,10000,35.16346341,128.1168065,0,0,0
597,빽다방 진주호탄점,호탄동,경남 진주시 강변길9번길 6,월~금 08:00 ~ 22:00 / 토~일 08:00 ~ 23:00,,/public/cafe/호탄동/빽다방 진주호탄점.jpg,0,0,0,1,0,0,1,0,2000,35.16460241,128.1103136,0,0,0
598,셀렉토커피 진주호탄점,호탄동,경남 진주시 호탄길 19 1층,월~일 08:00 ~ 22:00,1/3번째 월,/public/cafe/호탄동/셀렉토커피 진주호탄점.jpg,0,0,0,0,0,1,1,0,3200,35.16319778,128.1160456,0,0,0
599,아토커피,호탄동,경남 진주시 호탄길13번길 16,,,/public/cafe/logo.png,0,0,0,0,0,0,0,0,10000,35.16292826,128.1147276,0,0,0
600,연나루,호탄동,경남 진주시 강변길10번길 17 1층 연나루,월~일 10:00 ~ 23:00,,/public/cafe/호탄동/연나루.jpg,0,0,0,0,1,0,0,1,10000,35.1651404,128.1125819,0,0,0
601,와바탭하우스 진주가호점,호탄동,경남 진주시 강변길 8,,,/public/cafe/호탄동/와바탭하우스 진주가호점.jpg,1,0,0,0,0,0,0,0,10000,35.16451541,128.1109545,0,0,0
602,요거프레소 진주호탄점,호탄동,경남 진주시 가호로 53 1층,,,/public/cafe/logo.png,0,1,0,0,1,1,1,1,2500,35.16408974,128.1120632,0,0,0
603,요조신사,호탄동,경남 진주시 호탄길28번길 1,월~일 11:00 ~ 23:00,,/public/cafe/logo.png,1,0,0,0,0,0,0,0,3000,35.164028,128.116357,0,0,0
604,우지,호탄동,경남 진주시 호탄길34번길 13 우지,수~토 11:00 ~ 20:00 / 일 11:00 ~ 18:00,월 / 화,/public/cafe/호탄동/우지.jpg,1,0,0,0,1,0,0,1,3500,35.16468936,128.1175203,0,0,0
605,이디야커피 진주호탄동점,호탄동,경남 진주시 강변길 5,월~금 09:30 ~ 23:00 / 토~일 10:00 ~ 23:00,,/public/cafe/logo.png,0,0,0,0,0,0,1,0,3200,35.16416682,128.1106369,0,0,0
606,인가베,호탄동,경남 진주시 강변길10번길 16 1층,월~토 11:40 ~ 22:30,일,/public/cafe/호탄동/인가베.jpg,1,0,0,0,0,1,0,1,4000,35.16490411,128.1123043,0,0,0
607,천씨씨커피 호탄점,호탄동,경남 진주시 가호로 45 1층,,,/public/cafe/logo.png,1,0,0,0,0,0,1,0,4000,35.16396773,128.1112159,0,0,0
608,카페바바라,호탄동,경남 진주시 강변길10번길 22-17 카페바바라,월/ 수~일 12:00 ~ 22:00,화,/public/cafe/logo.png,1,1,0,0,1,1,0,1,4000,35.16435487,128.1115065,0,0,0
609,커피16,호탄동,경남 진주시 호탄길 16 1층,월~일 10:00 ~ 23:00,,/public/cafe/호탄동/커피16.jpg,1,0,0,0,1,1,0,0,2500,35.16275539,128.1163716,0,0,0
610,커피하우스,호탄동,경남 진주시 호탄길13번길 24,월~금 10:30 ~ 20:00 /토 10:30 ~ 18:00,일,/public/cafe/logo.png,0,0,0,0,1,0,0,1,2500,35.16289495,128.1139397,0,0,0
611,컴포즈커피 진주호탄점,호탄동,경남 진주시 강변길 8,월~금 08:00 ~ 22:00 / 토~일 08:30 ~ 22:00,,/public/cafe/호탄동/컴포즈커피 진주호탄점.jpg,0,0,0,0,0,0,1,0,1500,35.16451541,128.1109545,0,0,0
612,크로플몬,호탄동,경남 진주시 호탄길22번길 15 1층 크로플몬,월~일 10:00 ~ 01:00,,/public/cafe/logo.png,1,0,0,0,1,0,0,0,3000,35.16352214,128.1177677,0,0,0
613,파스쿠찌 진주휴게소점,호탄동,경남 진주시 남해고속도로 194,월~일 08:00 ~ 20:00,,/public/cafe/logo.png,0,0,0,0,0,0,1,0,4300,35.159702,128.1220067,0,0,0
614,허니커피,호탄동,경남 진주시 강변길10번길 11-1,월~토 12:00 ~ 23:00,일,/public/cafe/logo.png,1,0,0,0,0,0,0,0,4000,35.16508096,128.111939,0,0,0
